-- Sample Data for Development/Testing (200 records per table)
-- Factory Database Portal
-- Generated by generate_seed_data.py

SET NAMES utf8mb4;

-- ================================================
-- Customers (顧客) - 200 records
-- ================================================
INSERT INTO `customers` (`customer_name`, `is_active`, `user`) VALUES
('キヤノン 株式会社 001', TRUE, 'admin'),
('マツダ 工業株式会社 002', TRUE, 'admin'),
('豊田自動織機 Co., Ltd. 003', FALSE, 'admin'),
('曙ブレーキ Corporation 004', TRUE, 'admin'),
('ジャパンマテックス Industries 005', TRUE, 'admin'),
('ダイハツ工業 株式会社 006', TRUE, 'admin'),
('曙ブレーキ 工業株式会社 007', TRUE, 'admin'),
('村田製作所 Co., Ltd. 008', TRUE, 'admin'),
('ソニー Corporation 009', TRUE, 'admin'),
('トヨタ自動車 Industries 010', FALSE, 'admin'),
('ミツバ 株式会社 011', TRUE, 'admin'),
('ソニー 工業株式会社 012', TRUE, 'admin'),
('KYB Co., Ltd. 013', TRUE, 'admin'),
('ホンダ Corporation 014', TRUE, 'admin'),
('東芝 Industries 015', TRUE, 'admin'),
('ダイハツ工業 株式会社 016', TRUE, 'admin'),
('シャープ 工業株式会社 017', TRUE, 'admin'),
('日本精工 Co., Ltd. 018', TRUE, 'admin'),
('リコー Corporation 019', TRUE, 'admin'),
('日本精工 Industries 020', TRUE, 'admin'),
('デンソー 株式会社 021', TRUE, 'admin'),
('スバル 工業株式会社 022', FALSE, 'admin'),
('KYB Co., Ltd. 023', TRUE, 'admin'),
('カルソニックカンセイ Corporation 024', TRUE, 'admin'),
('カルソニックカンセイ Industries 025', TRUE, 'admin'),
('ホンダ 株式会社 026', TRUE, 'admin'),
('市光工業 工業株式会社 027', TRUE, 'admin'),
('市光工業 Co., Ltd. 028', TRUE, 'admin'),
('ユニプレス Corporation 029', TRUE, 'admin'),
('ジャパンマテックス Industries 030', TRUE, 'admin'),
('キヤノン 株式会社 031', TRUE, 'admin'),
('富士通 工業株式会社 032', TRUE, 'admin'),
('リコー Co., Ltd. 033', TRUE, 'admin'),
('オムロン Corporation 034', FALSE, 'admin'),
('トヨタ自動車 Industries 035', TRUE, 'admin'),
('日立製作所 株式会社 036', TRUE, 'admin'),
('ミツバ 工業株式会社 037', FALSE, 'admin'),
('ジェイテクト Co., Ltd. 038', TRUE, 'admin'),
('リコー Corporation 039', TRUE, 'admin'),
('キーエンス Industries 040', TRUE, 'admin'),
('日本精工 株式会社 041', TRUE, 'admin'),
('キーエンス 工業株式会社 042', TRUE, 'admin'),
('シャープ Co., Ltd. 043', TRUE, 'admin'),
('NEC Corporation 044', FALSE, 'admin'),
('ソニー Industries 045', TRUE, 'admin'),
('日本精工 株式会社 046', TRUE, 'admin'),
('日本電産 工業株式会社 047', TRUE, 'admin'),
('パナソニック Co., Ltd. 048', TRUE, 'admin'),
('ジェイテクト Corporation 049', TRUE, 'admin'),
('日立製作所 Industries 050', TRUE, 'admin'),
('キーエンス 株式会社 051', TRUE, 'admin'),
('ファナック 工業株式会社 052', TRUE, 'admin'),
('マツダ Co., Ltd. 053', TRUE, 'admin'),
('日本精工 Corporation 054', TRUE, 'admin'),
('ダイハツ工業 Industries 055', TRUE, 'admin'),
('NTN 株式会社 056', TRUE, 'admin'),
('市光工業 工業株式会社 057', TRUE, 'admin'),
('NTN Co., Ltd. 058', TRUE, 'admin'),
('日本精工 Corporation 059', TRUE, 'admin'),
('NEC Industries 060', TRUE, 'admin'),
('マツダ 株式会社 061', FALSE, 'admin'),
('ダイハツ工業 工業株式会社 062', TRUE, 'admin'),
('日立製作所 Co., Ltd. 063', TRUE, 'admin'),
('オムロン Corporation 064', TRUE, 'admin'),
('市光工業 Industries 065', TRUE, 'admin'),
('小糸製作所 株式会社 066', TRUE, 'admin'),
('市光工業 工業株式会社 067', TRUE, 'admin'),
('アイシン Co., Ltd. 068', TRUE, 'admin'),
('ユニプレス Corporation 069', TRUE, 'admin'),
('三菱自動車 Industries 070', TRUE, 'admin'),
('カルソニックカンセイ 株式会社 071', TRUE, 'admin'),
('シャープ 工業株式会社 072', TRUE, 'admin'),
('日本電産 Co., Ltd. 073', TRUE, 'admin'),
('トヨタ自動車 Corporation 074', TRUE, 'admin'),
('ジャパンマテックス Industries 075', TRUE, 'admin'),
('KYB 株式会社 076', TRUE, 'admin'),
('キーエンス 工業株式会社 077', TRUE, 'admin'),
('キヤノン Co., Ltd. 078', TRUE, 'admin'),
('いすゞ自動車 Corporation 079', TRUE, 'admin'),
('ファナック Industries 080', TRUE, 'admin'),
('日産自動車 株式会社 081', FALSE, 'admin'),
('オムロン 工業株式会社 082', TRUE, 'admin'),
('リコー Co., Ltd. 083', TRUE, 'admin'),
('富士通 Corporation 084', TRUE, 'admin'),
('村田製作所 Industries 085', TRUE, 'admin'),
('村田製作所 株式会社 086', TRUE, 'admin'),
('小糸製作所 工業株式会社 087', TRUE, 'admin'),
('キヤノン Co., Ltd. 088', TRUE, 'admin'),
('日本電産 Corporation 089', TRUE, 'admin'),
('ソニー Industries 090', TRUE, 'admin'),
('日立製作所 株式会社 091', TRUE, 'admin'),
('NTN 工業株式会社 092', TRUE, 'admin'),
('ユニプレス Co., Ltd. 093', TRUE, 'admin'),
('KYB Corporation 094', TRUE, 'admin'),
('デンソー Industries 095', FALSE, 'admin'),
('スタンレー電気 株式会社 096', TRUE, 'admin'),
('市光工業 工業株式会社 097', TRUE, 'admin'),
('市光工業 Co., Ltd. 098', TRUE, 'admin'),
('KYB Corporation 099', TRUE, 'admin'),
('ファナック Industries 100', TRUE, 'admin'),
('KYB 株式会社 101', TRUE, 'admin'),
('豊田自動織機 工業株式会社 102', FALSE, 'admin'),
('日産自動車 Co., Ltd. 103', TRUE, 'admin'),
('富士通 Corporation 104', FALSE, 'admin'),
('オムロン Industries 105', TRUE, 'admin'),
('曙ブレーキ 株式会社 106', TRUE, 'admin'),
('ホンダ 工業株式会社 107', TRUE, 'admin'),
('パナソニック Co., Ltd. 108', TRUE, 'admin'),
('日野自動車 Corporation 109', TRUE, 'admin'),
('デンソー Industries 110', TRUE, 'admin'),
('マツダ 株式会社 111', TRUE, 'admin'),
('日本精工 工業株式会社 112', TRUE, 'admin'),
('パナソニック Co., Ltd. 113', TRUE, 'admin'),
('ファナック Corporation 114', TRUE, 'admin'),
('NEC Industries 115', TRUE, 'admin'),
('ジェイテクト 株式会社 116', TRUE, 'admin'),
('日本電産 工業株式会社 117', TRUE, 'admin'),
('日産自動車 Co., Ltd. 118', TRUE, 'admin'),
('カルソニックカンセイ Corporation 119', TRUE, 'admin'),
('ソニー Industries 120', TRUE, 'admin'),
('キヤノン 株式会社 121', TRUE, 'admin'),
('ジャパンマテックス 工業株式会社 122', TRUE, 'admin'),
('KYB Co., Ltd. 123', TRUE, 'admin'),
('ホンダ Corporation 124', TRUE, 'admin'),
('豊田自動織機 Industries 125', TRUE, 'admin'),
('ユニプレス 株式会社 126', TRUE, 'admin'),
('村田製作所 工業株式会社 127', FALSE, 'admin'),
('小糸製作所 Co., Ltd. 128', TRUE, 'admin'),
('アイシン Corporation 129', FALSE, 'admin'),
('日産自動車 Industries 130', TRUE, 'admin'),
('日本精工 株式会社 131', TRUE, 'admin'),
('日野自動車 工業株式会社 132', FALSE, 'admin'),
('KYB Co., Ltd. 133', TRUE, 'admin'),
('アイシン Corporation 134', TRUE, 'admin'),
('リコー Industries 135', FALSE, 'admin'),
('マツダ 株式会社 136', TRUE, 'admin'),
('NTN 工業株式会社 137', TRUE, 'admin'),
('アイシン Co., Ltd. 138', TRUE, 'admin'),
('キーエンス Corporation 139', TRUE, 'admin'),
('豊田自動織機 Industries 140', TRUE, 'admin'),
('カルソニックカンセイ 株式会社 141', TRUE, 'admin'),
('リコー 工業株式会社 142', TRUE, 'admin'),
('デンソー Co., Ltd. 143', TRUE, 'admin'),
('ホンダ Corporation 144', TRUE, 'admin'),
('NEC Industries 145', TRUE, 'admin'),
('NEC 株式会社 146', TRUE, 'admin'),
('シャープ 工業株式会社 147', TRUE, 'admin'),
('市光工業 Co., Ltd. 148', TRUE, 'admin'),
('オムロン Corporation 149', TRUE, 'admin'),
('日野自動車 Industries 150', TRUE, 'admin'),
('いすゞ自動車 株式会社 151', TRUE, 'admin'),
('三菱電機 工業株式会社 152', TRUE, 'admin'),
('スズキ Co., Ltd. 153', TRUE, 'admin'),
('デンソー Corporation 154', TRUE, 'admin'),
('ジェイテクト Industries 155', TRUE, 'admin'),
('マツダ 株式会社 156', TRUE, 'admin'),
('市光工業 工業株式会社 157', TRUE, 'admin'),
('キーエンス Co., Ltd. 158', TRUE, 'admin'),
('ホンダ Corporation 159', TRUE, 'admin'),
('三菱電機 Industries 160', TRUE, 'admin'),
('KYB 株式会社 161', TRUE, 'admin'),
('NEC 工業株式会社 162', TRUE, 'admin'),
('トヨタ自動車 Co., Ltd. 163', TRUE, 'admin'),
('日立製作所 Corporation 164', TRUE, 'admin'),
('ソニー Industries 165', TRUE, 'admin'),
('トヨタ自動車 株式会社 166', TRUE, 'admin'),
('市光工業 工業株式会社 167', TRUE, 'admin'),
('ソニー Co., Ltd. 168', TRUE, 'admin'),
('いすゞ自動車 Corporation 169', TRUE, 'admin'),
('日立製作所 Industries 170', TRUE, 'admin'),
('NTN 株式会社 171', TRUE, 'admin'),
('村田製作所 工業株式会社 172', TRUE, 'admin'),
('スバル Co., Ltd. 173', TRUE, 'admin'),
('スバル Corporation 174', TRUE, 'admin'),
('三菱自動車 Industries 175', FALSE, 'admin'),
('村田製作所 株式会社 176', TRUE, 'admin'),
('日野自動車 工業株式会社 177', TRUE, 'admin'),
('NTN Co., Ltd. 178', TRUE, 'admin'),
('日産自動車 Corporation 179', TRUE, 'admin'),
('KYB Industries 180', TRUE, 'admin'),
('KYB 株式会社 181', TRUE, 'admin'),
('日本精工 工業株式会社 182', TRUE, 'admin'),
('パナソニック Co., Ltd. 183', TRUE, 'admin'),
('パナソニック Corporation 184', FALSE, 'admin'),
('KYB Industries 185', TRUE, 'admin'),
('東芝 株式会社 186', TRUE, 'admin'),
('ダイハツ工業 工業株式会社 187', TRUE, 'admin'),
('スズキ Co., Ltd. 188', TRUE, 'admin'),
('三菱自動車 Corporation 189', TRUE, 'admin'),
('アイシン Industries 190', TRUE, 'admin'),
('三菱自動車 株式会社 191', FALSE, 'admin'),
('村田製作所 工業株式会社 192', TRUE, 'admin'),
('三菱自動車 Co., Ltd. 193', TRUE, 'admin'),
('曙ブレーキ Corporation 194', TRUE, 'admin'),
('キーエンス Industries 195', TRUE, 'admin'),
('ミツバ 株式会社 196', TRUE, 'admin'),
('小糸製作所 工業株式会社 197', TRUE, 'admin'),
('ミツバ Co., Ltd. 198', TRUE, 'admin'),
('三菱電機 Corporation 199', FALSE, 'admin'),
('三菱電機 Industries 200', TRUE, 'admin');

-- ================================================
-- Products (製品) - 200 records
-- ================================================
INSERT INTO `products` (`product_code`, `customer_id`, `is_active`, `user`) VALUES
('TMC-0001', 1, TRUE, 'admin'),
('HMC-0002', 2, TRUE, 'admin'),
('NMC-0003', 3, TRUE, 'admin'),
('MMC-0004', 4, FALSE, 'admin'),
('SC-0005', 5, TRUE, 'admin'),
('DMC-0006', 6, TRUE, 'admin'),
('SMC-0007', 7, FALSE, 'admin'),
('MMC-0008', 8, TRUE, 'admin'),
('IMC-0009', 9, TRUE, 'admin'),
('HMC-0010', 10, TRUE, 'admin'),
('TMC-0011', 11, TRUE, 'admin'),
('HMC-0012', 12, TRUE, 'admin'),
('NMC-0013', 13, TRUE, 'admin'),
('MMC-0014', 14, FALSE, 'admin'),
('SC-0015', 15, TRUE, 'admin'),
('DMC-0016', 16, TRUE, 'admin'),
('SMC-0017', 17, TRUE, 'admin'),
('MMC-0018', 18, TRUE, 'admin'),
('IMC-0019', 19, TRUE, 'admin'),
('HMC-0020', 20, TRUE, 'admin'),
('TMC-0021', 21, TRUE, 'admin'),
('HMC-0022', 22, TRUE, 'admin'),
('NMC-0023', 23, TRUE, 'admin'),
('MMC-0024', 24, TRUE, 'admin'),
('SC-0025', 25, TRUE, 'admin'),
('DMC-0026', 26, TRUE, 'admin'),
('SMC-0027', 27, TRUE, 'admin'),
('MMC-0028', 28, TRUE, 'admin'),
('IMC-0029', 29, TRUE, 'admin'),
('HMC-0030', 30, TRUE, 'admin'),
('TMC-0031', 31, TRUE, 'admin'),
('HMC-0032', 32, TRUE, 'admin'),
('NMC-0033', 33, TRUE, 'admin'),
('MMC-0034', 34, TRUE, 'admin'),
('SC-0035', 35, TRUE, 'admin'),
('DMC-0036', 36, FALSE, 'admin'),
('SMC-0037', 37, TRUE, 'admin'),
('MMC-0038', 38, FALSE, 'admin'),
('IMC-0039', 39, TRUE, 'admin'),
('HMC-0040', 40, FALSE, 'admin'),
('TMC-0041', 41, TRUE, 'admin'),
('HMC-0042', 42, TRUE, 'admin'),
('NMC-0043', 43, TRUE, 'admin'),
('MMC-0044', 44, TRUE, 'admin'),
('SC-0045', 45, TRUE, 'admin'),
('DMC-0046', 46, TRUE, 'admin'),
('SMC-0047', 47, FALSE, 'admin'),
('MMC-0048', 48, TRUE, 'admin'),
('IMC-0049', 49, TRUE, 'admin'),
('HMC-0050', 50, TRUE, 'admin'),
('TMC-0051', 51, TRUE, 'admin'),
('HMC-0052', 52, TRUE, 'admin'),
('NMC-0053', 53, TRUE, 'admin'),
('MMC-0054', 54, TRUE, 'admin'),
('SC-0055', 55, FALSE, 'admin'),
('DMC-0056', 56, TRUE, 'admin'),
('SMC-0057', 57, TRUE, 'admin'),
('MMC-0058', 58, TRUE, 'admin'),
('IMC-0059', 59, FALSE, 'admin'),
('HMC-0060', 60, FALSE, 'admin'),
('TMC-0061', 61, TRUE, 'admin'),
('HMC-0062', 62, TRUE, 'admin'),
('NMC-0063', 63, TRUE, 'admin'),
('MMC-0064', 64, TRUE, 'admin'),
('SC-0065', 65, TRUE, 'admin'),
('DMC-0066', 66, TRUE, 'admin'),
('SMC-0067', 67, TRUE, 'admin'),
('MMC-0068', 68, TRUE, 'admin'),
('IMC-0069', 69, TRUE, 'admin'),
('HMC-0070', 70, TRUE, 'admin'),
('TMC-0071', 71, TRUE, 'admin'),
('HMC-0072', 72, TRUE, 'admin'),
('NMC-0073', 73, TRUE, 'admin'),
('MMC-0074', 74, FALSE, 'admin'),
('SC-0075', 75, TRUE, 'admin'),
('DMC-0076', 76, FALSE, 'admin'),
('SMC-0077', 77, FALSE, 'admin'),
('MMC-0078', 78, TRUE, 'admin'),
('IMC-0079', 79, TRUE, 'admin'),
('HMC-0080', 80, TRUE, 'admin'),
('TMC-0081', 81, FALSE, 'admin'),
('HMC-0082', 82, TRUE, 'admin'),
('NMC-0083', 83, TRUE, 'admin'),
('MMC-0084', 84, TRUE, 'admin'),
('SC-0085', 85, FALSE, 'admin'),
('DMC-0086', 86, TRUE, 'admin'),
('SMC-0087', 87, FALSE, 'admin'),
('MMC-0088', 88, TRUE, 'admin'),
('IMC-0089', 89, TRUE, 'admin'),
('HMC-0090', 90, TRUE, 'admin'),
('TMC-0091', 91, TRUE, 'admin'),
('HMC-0092', 92, TRUE, 'admin'),
('NMC-0093', 93, TRUE, 'admin'),
('MMC-0094', 94, TRUE, 'admin'),
('SC-0095', 95, TRUE, 'admin'),
('DMC-0096', 96, TRUE, 'admin'),
('SMC-0097', 97, FALSE, 'admin'),
('MMC-0098', 98, FALSE, 'admin'),
('IMC-0099', 99, TRUE, 'admin'),
('HMC-0100', 100, FALSE, 'admin'),
('TMC-0101', 101, TRUE, 'admin'),
('HMC-0102', 102, FALSE, 'admin'),
('NMC-0103', 103, TRUE, 'admin'),
('MMC-0104', 104, TRUE, 'admin'),
('SC-0105', 105, TRUE, 'admin'),
('DMC-0106', 106, TRUE, 'admin'),
('SMC-0107', 107, TRUE, 'admin'),
('MMC-0108', 108, TRUE, 'admin'),
('IMC-0109', 109, TRUE, 'admin'),
('HMC-0110', 110, FALSE, 'admin'),
('TMC-0111', 111, FALSE, 'admin'),
('HMC-0112', 112, TRUE, 'admin'),
('NMC-0113', 113, TRUE, 'admin'),
('MMC-0114', 114, TRUE, 'admin'),
('SC-0115', 115, TRUE, 'admin'),
('DMC-0116', 116, FALSE, 'admin'),
('SMC-0117', 117, TRUE, 'admin'),
('MMC-0118', 118, TRUE, 'admin'),
('IMC-0119', 119, TRUE, 'admin'),
('HMC-0120', 120, TRUE, 'admin'),
('TMC-0121', 121, TRUE, 'admin'),
('HMC-0122', 122, TRUE, 'admin'),
('NMC-0123', 123, TRUE, 'admin'),
('MMC-0124', 124, FALSE, 'admin'),
('SC-0125', 125, FALSE, 'admin'),
('DMC-0126', 126, TRUE, 'admin'),
('SMC-0127', 127, TRUE, 'admin'),
('MMC-0128', 128, FALSE, 'admin'),
('IMC-0129', 129, TRUE, 'admin'),
('HMC-0130', 130, TRUE, 'admin'),
('TMC-0131', 131, FALSE, 'admin'),
('HMC-0132', 132, TRUE, 'admin'),
('NMC-0133', 133, TRUE, 'admin'),
('MMC-0134', 134, TRUE, 'admin'),
('SC-0135', 135, TRUE, 'admin'),
('DMC-0136', 136, TRUE, 'admin'),
('SMC-0137', 137, FALSE, 'admin'),
('MMC-0138', 138, FALSE, 'admin'),
('IMC-0139', 139, TRUE, 'admin'),
('HMC-0140', 140, TRUE, 'admin'),
('TMC-0141', 141, FALSE, 'admin'),
('HMC-0142', 142, TRUE, 'admin'),
('NMC-0143', 143, TRUE, 'admin'),
('MMC-0144', 144, TRUE, 'admin'),
('SC-0145', 145, TRUE, 'admin'),
('DMC-0146', 146, TRUE, 'admin'),
('SMC-0147', 147, TRUE, 'admin'),
('MMC-0148', 148, TRUE, 'admin'),
('IMC-0149', 149, TRUE, 'admin'),
('HMC-0150', 150, FALSE, 'admin'),
('TMC-0151', 151, TRUE, 'admin'),
('HMC-0152', 152, TRUE, 'admin'),
('NMC-0153', 153, TRUE, 'admin'),
('MMC-0154', 154, FALSE, 'admin'),
('SC-0155', 155, TRUE, 'admin'),
('DMC-0156', 156, TRUE, 'admin'),
('SMC-0157', 157, TRUE, 'admin'),
('MMC-0158', 158, TRUE, 'admin'),
('IMC-0159', 159, TRUE, 'admin'),
('HMC-0160', 160, TRUE, 'admin'),
('TMC-0161', 161, TRUE, 'admin'),
('HMC-0162', 162, FALSE, 'admin'),
('NMC-0163', 163, TRUE, 'admin'),
('MMC-0164', 164, TRUE, 'admin'),
('SC-0165', 165, TRUE, 'admin'),
('DMC-0166', 166, TRUE, 'admin'),
('SMC-0167', 167, TRUE, 'admin'),
('MMC-0168', 168, TRUE, 'admin'),
('IMC-0169', 169, TRUE, 'admin'),
('HMC-0170', 170, TRUE, 'admin'),
('TMC-0171', 171, TRUE, 'admin'),
('HMC-0172', 172, TRUE, 'admin'),
('NMC-0173', 173, TRUE, 'admin'),
('MMC-0174', 174, TRUE, 'admin'),
('SC-0175', 175, TRUE, 'admin'),
('DMC-0176', 176, TRUE, 'admin'),
('SMC-0177', 177, TRUE, 'admin'),
('MMC-0178', 178, TRUE, 'admin'),
('IMC-0179', 179, TRUE, 'admin'),
('HMC-0180', 180, TRUE, 'admin'),
('TMC-0181', 181, TRUE, 'admin'),
('HMC-0182', 182, FALSE, 'admin'),
('NMC-0183', 183, TRUE, 'admin'),
('MMC-0184', 184, TRUE, 'admin'),
('SC-0185', 185, FALSE, 'admin'),
('DMC-0186', 186, TRUE, 'admin'),
('SMC-0187', 187, TRUE, 'admin'),
('MMC-0188', 188, TRUE, 'admin'),
('IMC-0189', 189, TRUE, 'admin'),
('HMC-0190', 190, TRUE, 'admin'),
('TMC-0191', 191, TRUE, 'admin'),
('HMC-0192', 192, TRUE, 'admin'),
('NMC-0193', 193, TRUE, 'admin'),
('MMC-0194', 194, TRUE, 'admin'),
('SC-0195', 195, TRUE, 'admin'),
('DMC-0196', 196, FALSE, 'admin'),
('SMC-0197', 197, TRUE, 'admin'),
('MMC-0198', 198, TRUE, 'admin'),
('IMC-0199', 199, TRUE, 'admin'),
('HMC-0200', 200, FALSE, 'admin');

-- ================================================
-- Employees (従業員) - 200 records
-- ================================================
INSERT INTO `employees` (`employee_no`, `name`, `is_active`, `user`) VALUES
('admin', 'admin', TRUE, 'system'),
('EMP0001', '伊藤 雅之', TRUE, 'admin'),
('EMP0002', '中島 陽菜', TRUE, 'admin'),
('EMP0003', '伊藤 聡', TRUE, 'admin'),
('EMP0004', '石川 明美', TRUE, 'admin'),
('EMP0005', '佐藤 隆', TRUE, 'admin'),
('EMP0006', '阿部 明美', TRUE, 'admin'),
('EMP0007', '藤田 三郎', TRUE, 'admin'),
('EMP0008', '木村 彩', TRUE, 'admin'),
('EMP0009', '青木 修', TRUE, 'admin'),
('EMP0010', '渡辺 真由美', TRUE, 'admin'),
('EMP0011', '山崎 誠', TRUE, 'admin'),
('EMP0012', '佐々木 愛', TRUE, 'admin'),
('EMP0013', '清水 雅之', TRUE, 'admin'),
('EMP0014', '高橋 久美子', TRUE, 'admin'),
('EMP0015', '佐藤 健一', TRUE, 'admin'),
('EMP0016', '中島 真由美', TRUE, 'admin'),
('EMP0017', '森 太郎', FALSE, 'admin'),
('EMP0018', '木村 久美子', TRUE, 'admin'),
('EMP0019', '石川 正樹', TRUE, 'admin'),
('EMP0020', '渡辺 綾', TRUE, 'admin'),
('EMP0021', '長谷川 直樹', TRUE, 'admin'),
('EMP0022', '鈴木 洋子', TRUE, 'admin'),
('EMP0023', '坂本 竜也', TRUE, 'admin'),
('EMP0024', '池田 由美子', TRUE, 'admin'),
('EMP0025', '林 雅之', TRUE, 'admin'),
('EMP0026', '橋本 美咲', FALSE, 'admin'),
('EMP0027', '長谷川 大輔', FALSE, 'admin'),
('EMP0028', '石川 花子', TRUE, 'admin'),
('EMP0029', '井上 修', TRUE, 'admin'),
('EMP0030', '吉田 恵', FALSE, 'admin'),
('EMP0031', '前田 太郎', TRUE, 'admin'),
('EMP0032', '長谷川 静香', TRUE, 'admin'),
('EMP0033', '小川 浩', TRUE, 'admin'),
('EMP0034', '近藤 明美', TRUE, 'admin'),
('EMP0035', '後藤 竜也', TRUE, 'admin'),
('EMP0036', '山本 陽菜', TRUE, 'admin'),
('EMP0037', '佐藤 直樹', TRUE, 'admin'),
('EMP0038', '森 陽菜', TRUE, 'admin'),
('EMP0039', '近藤 健太', TRUE, 'admin'),
('EMP0040', '伊藤 真由美', TRUE, 'admin'),
('EMP0041', '井上 翔太', TRUE, 'admin'),
('EMP0042', '加藤 由美子', TRUE, 'admin'),
('EMP0043', '中村 勇', TRUE, 'admin'),
('EMP0044', '佐々木 久美子', TRUE, 'admin'),
('EMP0045', '橋本 拓也', TRUE, 'admin'),
('EMP0046', '加藤 花子', TRUE, 'admin'),
('EMP0047', '山崎 太郎', TRUE, 'admin'),
('EMP0048', '佐々木 恵', TRUE, 'admin'),
('EMP0049', '高橋 拓也', TRUE, 'admin'),
('EMP0050', '森 洋子', TRUE, 'admin'),
('EMP0051', '佐藤 克也', TRUE, 'admin'),
('EMP0052', '青木 良子', TRUE, 'admin'),
('EMP0053', '佐々木 三郎', TRUE, 'admin'),
('EMP0054', '中島 陽菜', TRUE, 'admin'),
('EMP0055', '山本 三郎', TRUE, 'admin'),
('EMP0056', '遠藤 莉子', FALSE, 'admin'),
('EMP0057', '岡田 三郎', TRUE, 'admin'),
('EMP0058', '吉田 洋子', TRUE, 'admin'),
('EMP0059', '青木 健太', FALSE, 'admin'),
('EMP0060', '高橋 陽菜', TRUE, 'admin'),
('EMP0061', '林 太郎', FALSE, 'admin'),
('EMP0062', '斎藤 恵', TRUE, 'admin'),
('EMP0063', '阿部 正樹', TRUE, 'admin'),
('EMP0064', '青木 舞', TRUE, 'admin'),
('EMP0065', '石井 修', TRUE, 'admin'),
('EMP0066', '山下 真由美', FALSE, 'admin'),
('EMP0067', '佐藤 次郎', TRUE, 'admin'),
('EMP0068', '長谷川 久美子', TRUE, 'admin'),
('EMP0069', '松本 翔太', TRUE, 'admin'),
('EMP0070', '清水 舞', TRUE, 'admin'),
('EMP0071', '伊藤 次郎', TRUE, 'admin'),
('EMP0072', '佐藤 優', TRUE, 'admin'),
('EMP0073', '青木 竜也', TRUE, 'admin'),
('EMP0074', '山田 綾', TRUE, 'admin'),
('EMP0075', '田中 大輔', TRUE, 'admin'),
('EMP0076', '森 真由美', TRUE, 'admin'),
('EMP0077', '渡辺 勇', TRUE, 'admin'),
('EMP0078', '加藤 美咲', TRUE, 'admin'),
('EMP0079', '森 修', TRUE, 'admin'),
('EMP0080', '山下 恵', FALSE, 'admin'),
('EMP0081', '山口 克也', TRUE, 'admin'),
('EMP0082', '山本 良子', TRUE, 'admin'),
('EMP0083', '小川 誠', TRUE, 'admin'),
('EMP0084', '小川 久美子', FALSE, 'admin'),
('EMP0085', '山口 太郎', TRUE, 'admin'),
('EMP0086', '松本 美咲', TRUE, 'admin'),
('EMP0087', '佐藤 勇', TRUE, 'admin'),
('EMP0088', '渡辺 静香', TRUE, 'admin'),
('EMP0089', '藤田 太郎', TRUE, 'admin'),
('EMP0090', '山口 久美子', TRUE, 'admin'),
('EMP0091', '清水 翔太', TRUE, 'admin'),
('EMP0092', '加藤 恵', TRUE, 'admin'),
('EMP0093', '池田 勇', FALSE, 'admin'),
('EMP0094', '松本 花子', TRUE, 'admin'),
('EMP0095', '佐々木 聡', TRUE, 'admin'),
('EMP0096', '松本 愛', TRUE, 'admin'),
('EMP0097', '木村 大輔', TRUE, 'admin'),
('EMP0098', '佐々木 静香', TRUE, 'admin'),
('EMP0099', '小林 三郎', TRUE, 'admin'),
('EMP0100', '石井 真由美', TRUE, 'admin'),
('EMP0101', '中村 竜也', TRUE, 'admin'),
('EMP0102', '田中 陽菜', TRUE, 'admin'),
('EMP0103', '坂本 健太', TRUE, 'admin'),
('EMP0104', '山下 陽菜', TRUE, 'admin'),
('EMP0105', '佐藤 誠', TRUE, 'admin'),
('EMP0106', '前田 陽菜', TRUE, 'admin'),
('EMP0107', '近藤 雅之', TRUE, 'admin'),
('EMP0108', '岡田 真由美', TRUE, 'admin'),
('EMP0109', '阿部 隆', TRUE, 'admin'),
('EMP0110', '青木 舞', TRUE, 'admin'),
('EMP0111', '石川 和也', TRUE, 'admin'),
('EMP0112', '藤田 花子', TRUE, 'admin'),
('EMP0113', '阿部 健太', TRUE, 'admin'),
('EMP0114', '鈴木 綾', TRUE, 'admin'),
('EMP0115', '山田 隆', TRUE, 'admin'),
('EMP0116', '坂本 真由美', TRUE, 'admin'),
('EMP0117', '山崎 誠', TRUE, 'admin'),
('EMP0118', '加藤 美咲', TRUE, 'admin'),
('EMP0119', '山下 健一', TRUE, 'admin'),
('EMP0120', '中村 陽菜', TRUE, 'admin'),
('EMP0121', '佐々木 修', TRUE, 'admin'),
('EMP0122', '山本 洋子', TRUE, 'admin'),
('EMP0123', '池田 正樹', TRUE, 'admin'),
('EMP0124', '中島 莉子', FALSE, 'admin'),
('EMP0125', '斎藤 正樹', TRUE, 'admin'),
('EMP0126', '佐藤 莉子', TRUE, 'admin'),
('EMP0127', '山崎 次郎', TRUE, 'admin'),
('EMP0128', '村上 恵', TRUE, 'admin'),
('EMP0129', '山田 竜也', TRUE, 'admin'),
('EMP0130', '長谷川 明美', TRUE, 'admin'),
('EMP0131', '橋本 三郎', TRUE, 'admin'),
('EMP0132', '加藤 幸子', FALSE, 'admin'),
('EMP0133', '小林 太郎', TRUE, 'admin'),
('EMP0134', '遠藤 綾', TRUE, 'admin'),
('EMP0135', '池田 浩', TRUE, 'admin'),
('EMP0136', '林 舞', TRUE, 'admin'),
('EMP0137', '石井 修', TRUE, 'admin'),
('EMP0138', '小川 舞', TRUE, 'admin'),
('EMP0139', '小川 克也', TRUE, 'admin'),
('EMP0140', '佐々木 洋子', TRUE, 'admin'),
('EMP0141', '山下 雅之', TRUE, 'admin'),
('EMP0142', '後藤 美咲', TRUE, 'admin'),
('EMP0143', '藤田 三郎', TRUE, 'admin'),
('EMP0144', '渡辺 静香', TRUE, 'admin'),
('EMP0145', '遠藤 浩', TRUE, 'admin'),
('EMP0146', '井上 結衣', TRUE, 'admin'),
('EMP0147', '高橋 正樹', TRUE, 'admin'),
('EMP0148', '前田 綾', TRUE, 'admin'),
('EMP0149', '吉田 和也', FALSE, 'admin'),
('EMP0150', '清水 花子', TRUE, 'admin'),
('EMP0151', '佐々木 竜也', TRUE, 'admin'),
('EMP0152', '佐藤 結衣', TRUE, 'admin'),
('EMP0153', '近藤 誠', TRUE, 'admin'),
('EMP0154', '松本 洋子', TRUE, 'admin'),
('EMP0155', '森 太郎', TRUE, 'admin'),
('EMP0156', '青木 結衣', TRUE, 'admin'),
('EMP0157', '吉田 大輔', TRUE, 'admin'),
('EMP0158', '山崎 陽菜', TRUE, 'admin'),
('EMP0159', '池田 健一', TRUE, 'admin'),
('EMP0160', '遠藤 幸子', FALSE, 'admin'),
('EMP0161', '阿部 三郎', TRUE, 'admin'),
('EMP0162', '林 明美', TRUE, 'admin'),
('EMP0163', '佐々木 健一', TRUE, 'admin'),
('EMP0164', '山田 良子', TRUE, 'admin'),
('EMP0165', '鈴木 次郎', TRUE, 'admin'),
('EMP0166', '吉田 真由美', TRUE, 'admin'),
('EMP0167', '渡辺 翔太', TRUE, 'admin'),
('EMP0168', '加藤 綾', TRUE, 'admin'),
('EMP0169', '佐々木 太郎', TRUE, 'admin'),
('EMP0170', '山口 真由美', TRUE, 'admin'),
('EMP0171', '佐々木 大輔', TRUE, 'admin'),
('EMP0172', '石井 花子', TRUE, 'admin'),
('EMP0173', '村上 修', TRUE, 'admin'),
('EMP0174', '山本 幸子', TRUE, 'admin'),
('EMP0175', '坂本 聡', TRUE, 'admin'),
('EMP0176', '斎藤 陽菜', TRUE, 'admin'),
('EMP0177', '後藤 大輔', FALSE, 'admin'),
('EMP0178', '阿部 愛', TRUE, 'admin'),
('EMP0179', '村上 大輔', TRUE, 'admin'),
('EMP0180', '佐藤 花子', TRUE, 'admin'),
('EMP0181', '後藤 誠', TRUE, 'admin'),
('EMP0182', '藤田 結衣', TRUE, 'admin'),
('EMP0183', '田中 勇', TRUE, 'admin'),
('EMP0184', '小林 恵', TRUE, 'admin'),
('EMP0185', '加藤 翔太', TRUE, 'admin'),
('EMP0186', '田中 恵', TRUE, 'admin'),
('EMP0187', '中村 大輔', TRUE, 'admin'),
('EMP0188', '森 恵', TRUE, 'admin'),
('EMP0189', '佐藤 健太', TRUE, 'admin'),
('EMP0190', '橋本 綾', TRUE, 'admin'),
('EMP0191', '中島 誠', TRUE, 'admin'),
('EMP0192', '池田 明美', TRUE, 'admin'),
('EMP0193', '林 健太', TRUE, 'admin'),
('EMP0194', '岡田 明美', TRUE, 'admin'),
('EMP0195', '清水 和也', TRUE, 'admin'),
('EMP0196', '阿部 愛', TRUE, 'admin'),
('EMP0197', '藤田 三郎', TRUE, 'admin'),
('EMP0198', '青木 恵', TRUE, 'admin'),
('EMP0199', '佐々木 修', TRUE, 'admin'),
('EMP0200', '木村 陽菜', TRUE, 'admin');

-- ================================================
-- Suppliers (サプライヤー) - 200 records
-- ================================================
INSERT INTO `suppliers` (`supplier_name`, `supplier_business`, `user`) VALUES
('Supplier A001 Manufacturing', 'Plastic Molding', 'admin'),
('Supplier B002 Industries', 'Plating', 'admin'),
('Supplier C003 Components', 'Metal Processing', 'admin'),
('Supplier D004 Engineering', 'Metal Processing', 'admin'),
('Supplier E005 Tech', 'Metal Processing', 'admin'),
('Supplier F006 Manufacturing', 'Coating', 'admin'),
('Supplier G007 Industries', 'Coating', 'admin'),
('Supplier H008 Components', 'Casting', 'admin'),
('Supplier I009 Engineering', 'Surface Treatment', 'admin'),
('Supplier J010 Tech', 'Coating', 'admin'),
('Supplier K011 Manufacturing', 'Assembly', 'admin'),
('Supplier L012 Industries', 'Forging', 'admin'),
('Supplier M013 Components', 'Machining', 'admin'),
('Supplier N014 Engineering', 'Heat Treatment', 'admin'),
('Supplier O015 Tech', 'Casting', 'admin'),
('Supplier P016 Manufacturing', 'Casting', 'admin'),
('Supplier Q017 Industries', 'Surface Treatment', 'admin'),
('Supplier R018 Components', 'Coating', 'admin'),
('Supplier S019 Engineering', 'Surface Treatment', 'admin'),
('Supplier T020 Tech', 'Surface Treatment', 'admin'),
('Supplier U021 Manufacturing', 'Surface Treatment', 'admin'),
('Supplier V022 Industries', 'Plating', 'admin'),
('Supplier W023 Components', 'Metal Processing', 'admin'),
('Supplier X024 Engineering', 'Plating', 'admin'),
('Supplier Y025 Tech', 'Coating', 'admin'),
('Supplier Z026 Manufacturing', 'Coating', 'admin'),
('Supplier A027 Industries', 'Coating', 'admin'),
('Supplier B028 Components', 'Surface Treatment', 'admin'),
('Supplier C029 Engineering', 'Plating', 'admin'),
('Supplier D030 Tech', 'Plating', 'admin'),
('Supplier E031 Manufacturing', 'Metal Processing', 'admin'),
('Supplier F032 Industries', 'Coating', 'admin'),
('Supplier G033 Components', 'Forging', 'admin'),
('Supplier H034 Engineering', 'Surface Treatment', 'admin'),
('Supplier I035 Tech', 'Assembly', 'admin'),
('Supplier J036 Manufacturing', 'Plating', 'admin'),
('Supplier K037 Industries', 'Heat Treatment', 'admin'),
('Supplier L038 Components', 'Forging', 'admin'),
('Supplier M039 Engineering', 'Forging', 'admin'),
('Supplier N040 Tech', 'Metal Processing', 'admin'),
('Supplier O041 Manufacturing', 'Metal Processing', 'admin'),
('Supplier P042 Industries', 'Assembly', 'admin'),
('Supplier Q043 Components', 'Assembly', 'admin'),
('Supplier R044 Engineering', 'Casting', 'admin'),
('Supplier S045 Tech', 'Metal Processing', 'admin'),
('Supplier T046 Manufacturing', 'Assembly', 'admin'),
('Supplier U047 Industries', 'Coating', 'admin'),
('Supplier V048 Components', 'Forging', 'admin'),
('Supplier W049 Engineering', 'Plating', 'admin'),
('Supplier X050 Tech', 'Machining', 'admin'),
('Supplier Y051 Manufacturing', 'Plastic Molding', 'admin'),
('Supplier Z052 Industries', 'Coating', 'admin'),
('Supplier A053 Components', 'Forging', 'admin'),
('Supplier B054 Engineering', 'Machining', 'admin'),
('Supplier C055 Tech', 'Assembly', 'admin'),
('Supplier D056 Manufacturing', 'Metal Processing', 'admin'),
('Supplier E057 Industries', 'Heat Treatment', 'admin'),
('Supplier F058 Components', 'Heat Treatment', 'admin'),
('Supplier G059 Engineering', 'Surface Treatment', 'admin'),
('Supplier H060 Tech', 'Metal Processing', 'admin'),
('Supplier I061 Manufacturing', 'Plating', 'admin'),
('Supplier J062 Industries', 'Surface Treatment', 'admin'),
('Supplier K063 Components', 'Casting', 'admin'),
('Supplier L064 Engineering', 'Plating', 'admin'),
('Supplier M065 Tech', 'Machining', 'admin'),
('Supplier N066 Manufacturing', 'Coating', 'admin'),
('Supplier O067 Industries', 'Plastic Molding', 'admin'),
('Supplier P068 Components', 'Machining', 'admin'),
('Supplier Q069 Engineering', 'Coating', 'admin'),
('Supplier R070 Tech', 'Surface Treatment', 'admin'),
('Supplier S071 Manufacturing', 'Assembly', 'admin'),
('Supplier T072 Industries', 'Coating', 'admin'),
('Supplier U073 Components', 'Plastic Molding', 'admin'),
('Supplier V074 Engineering', 'Machining', 'admin'),
('Supplier W075 Tech', 'Assembly', 'admin'),
('Supplier X076 Manufacturing', 'Plating', 'admin'),
('Supplier Y077 Industries', 'Plating', 'admin'),
('Supplier Z078 Components', 'Machining', 'admin'),
('Supplier A079 Engineering', 'Plating', 'admin'),
('Supplier B080 Tech', 'Machining', 'admin'),
('Supplier C081 Manufacturing', 'Plating', 'admin'),
('Supplier D082 Industries', 'Plating', 'admin'),
('Supplier E083 Components', 'Assembly', 'admin'),
('Supplier F084 Engineering', 'Machining', 'admin'),
('Supplier G085 Tech', 'Casting', 'admin'),
('Supplier H086 Manufacturing', 'Plating', 'admin'),
('Supplier I087 Industries', 'Machining', 'admin'),
('Supplier J088 Components', 'Forging', 'admin'),
('Supplier K089 Engineering', 'Machining', 'admin'),
('Supplier L090 Tech', 'Assembly', 'admin'),
('Supplier M091 Manufacturing', 'Casting', 'admin'),
('Supplier N092 Industries', 'Metal Processing', 'admin'),
('Supplier O093 Components', 'Machining', 'admin'),
('Supplier P094 Engineering', 'Plating', 'admin'),
('Supplier Q095 Tech', 'Coating', 'admin'),
('Supplier R096 Manufacturing', 'Heat Treatment', 'admin'),
('Supplier S097 Industries', 'Heat Treatment', 'admin'),
('Supplier T098 Components', 'Metal Processing', 'admin'),
('Supplier U099 Engineering', 'Casting', 'admin'),
('Supplier V100 Tech', 'Metal Processing', 'admin'),
('Supplier W101 Manufacturing', 'Coating', 'admin'),
('Supplier X102 Industries', 'Assembly', 'admin'),
('Supplier Y103 Components', 'Forging', 'admin'),
('Supplier Z104 Engineering', 'Casting', 'admin'),
('Supplier A105 Tech', 'Casting', 'admin'),
('Supplier B106 Manufacturing', 'Plastic Molding', 'admin'),
('Supplier C107 Industries', 'Heat Treatment', 'admin'),
('Supplier D108 Components', 'Surface Treatment', 'admin'),
('Supplier E109 Engineering', 'Machining', 'admin'),
('Supplier F110 Tech', 'Casting', 'admin'),
('Supplier G111 Manufacturing', 'Assembly', 'admin'),
('Supplier H112 Industries', 'Metal Processing', 'admin'),
('Supplier I113 Components', 'Plastic Molding', 'admin'),
('Supplier J114 Engineering', 'Forging', 'admin'),
('Supplier K115 Tech', 'Casting', 'admin'),
('Supplier L116 Manufacturing', 'Forging', 'admin'),
('Supplier M117 Industries', 'Coating', 'admin'),
('Supplier N118 Components', 'Casting', 'admin'),
('Supplier O119 Engineering', 'Surface Treatment', 'admin'),
('Supplier P120 Tech', 'Assembly', 'admin'),
('Supplier Q121 Manufacturing', 'Casting', 'admin'),
('Supplier R122 Industries', 'Coating', 'admin'),
('Supplier S123 Components', 'Forging', 'admin'),
('Supplier T124 Engineering', 'Metal Processing', 'admin'),
('Supplier U125 Tech', 'Forging', 'admin'),
('Supplier V126 Manufacturing', 'Surface Treatment', 'admin'),
('Supplier W127 Industries', 'Plastic Molding', 'admin'),
('Supplier X128 Components', 'Machining', 'admin'),
('Supplier Y129 Engineering', 'Machining', 'admin'),
('Supplier Z130 Tech', 'Forging', 'admin'),
('Supplier A131 Manufacturing', 'Heat Treatment', 'admin'),
('Supplier B132 Industries', 'Surface Treatment', 'admin'),
('Supplier C133 Components', 'Forging', 'admin'),
('Supplier D134 Engineering', 'Plastic Molding', 'admin'),
('Supplier E135 Tech', 'Surface Treatment', 'admin'),
('Supplier F136 Manufacturing', 'Surface Treatment', 'admin'),
('Supplier G137 Industries', 'Forging', 'admin'),
('Supplier H138 Components', 'Plastic Molding', 'admin'),
('Supplier I139 Engineering', 'Coating', 'admin'),
('Supplier J140 Tech', 'Forging', 'admin'),
('Supplier K141 Manufacturing', 'Machining', 'admin'),
('Supplier L142 Industries', 'Forging', 'admin'),
('Supplier M143 Components', 'Machining', 'admin'),
('Supplier N144 Engineering', 'Coating', 'admin'),
('Supplier O145 Tech', 'Casting', 'admin'),
('Supplier P146 Manufacturing', 'Plating', 'admin'),
('Supplier Q147 Industries', 'Coating', 'admin'),
('Supplier R148 Components', 'Machining', 'admin'),
('Supplier S149 Engineering', 'Casting', 'admin'),
('Supplier T150 Tech', 'Surface Treatment', 'admin'),
('Supplier U151 Manufacturing', 'Heat Treatment', 'admin'),
('Supplier V152 Industries', 'Plastic Molding', 'admin'),
('Supplier W153 Components', 'Plating', 'admin'),
('Supplier X154 Engineering', 'Machining', 'admin'),
('Supplier Y155 Tech', 'Coating', 'admin'),
('Supplier Z156 Manufacturing', 'Plastic Molding', 'admin'),
('Supplier A157 Industries', 'Plastic Molding', 'admin'),
('Supplier B158 Components', 'Assembly', 'admin'),
('Supplier C159 Engineering', 'Surface Treatment', 'admin'),
('Supplier D160 Tech', 'Plastic Molding', 'admin'),
('Supplier E161 Manufacturing', 'Surface Treatment', 'admin'),
('Supplier F162 Industries', 'Metal Processing', 'admin'),
('Supplier G163 Components', 'Heat Treatment', 'admin'),
('Supplier H164 Engineering', 'Forging', 'admin'),
('Supplier I165 Tech', 'Plastic Molding', 'admin'),
('Supplier J166 Manufacturing', 'Coating', 'admin'),
('Supplier K167 Industries', 'Casting', 'admin'),
('Supplier L168 Components', 'Heat Treatment', 'admin'),
('Supplier M169 Engineering', 'Heat Treatment', 'admin'),
('Supplier N170 Tech', 'Heat Treatment', 'admin'),
('Supplier O171 Manufacturing', 'Plating', 'admin'),
('Supplier P172 Industries', 'Plastic Molding', 'admin'),
('Supplier Q173 Components', 'Casting', 'admin'),
('Supplier R174 Engineering', 'Casting', 'admin'),
('Supplier S175 Tech', 'Casting', 'admin'),
('Supplier T176 Manufacturing', 'Metal Processing', 'admin'),
('Supplier U177 Industries', 'Metal Processing', 'admin'),
('Supplier V178 Components', 'Heat Treatment', 'admin'),
('Supplier W179 Engineering', 'Heat Treatment', 'admin'),
('Supplier X180 Tech', 'Surface Treatment', 'admin'),
('Supplier Y181 Manufacturing', 'Assembly', 'admin'),
('Supplier Z182 Industries', 'Casting', 'admin'),
('Supplier A183 Components', 'Surface Treatment', 'admin'),
('Supplier B184 Engineering', 'Assembly', 'admin'),
('Supplier C185 Tech', 'Plating', 'admin'),
('Supplier D186 Manufacturing', 'Surface Treatment', 'admin'),
('Supplier E187 Industries', 'Heat Treatment', 'admin'),
('Supplier F188 Components', 'Forging', 'admin'),
('Supplier G189 Engineering', 'Heat Treatment', 'admin'),
('Supplier H190 Tech', 'Plating', 'admin'),
('Supplier I191 Manufacturing', 'Heat Treatment', 'admin'),
('Supplier J192 Industries', 'Coating', 'admin'),
('Supplier K193 Components', 'Surface Treatment', 'admin'),
('Supplier L194 Engineering', 'Plating', 'admin'),
('Supplier M195 Tech', 'Assembly', 'admin'),
('Supplier N196 Manufacturing', 'Assembly', 'admin'),
('Supplier O197 Industries', 'Forging', 'admin'),
('Supplier P198 Components', 'Metal Processing', 'admin'),
('Supplier Q199 Engineering', 'Coating', 'admin'),
('Supplier R200 Tech', 'Assembly', 'admin');

-- ================================================
-- Process Name Types (工程名マスタ)
-- ================================================
INSERT INTO `process_name_types` (`process_name`, `day_or_spm`, `user`) VALUES
('PRESS', TRUE, 'admin'),
('PRESS 1/2', TRUE, 'admin'),
('PRESS 2/2', TRUE, 'admin'),
('PRESS 1/3', TRUE, 'admin'),
('PRESS 2/3', TRUE, 'admin'),
('PRESS 3/3', TRUE, 'admin'),
('PRESS 1/4', TRUE, 'admin'),
('PRESS 2/4', TRUE, 'admin'),
('PRESS 3/4', TRUE, 'admin'),
('PRESS 4/4', TRUE, 'admin'),
('PRESS 1/5', TRUE, 'admin'),
('PRESS 2/5', TRUE, 'admin'),
('PRESS 3/5', TRUE, 'admin'),
('PRESS 4/5', TRUE, 'admin'),
('PRESS 5/5', TRUE, 'admin'),
('TAPPING', FALSE, 'admin'),
('PLATING', FALSE, 'admin'),
('HEAT_TREATMENT', FALSE, 'admin'),
('WELDING', FALSE, 'admin'),
('ASSEMBLY', FALSE, 'admin'),
('INSPECTION', FALSE, 'admin'),
('PAINTING', FALSE, 'admin'),
('ANODIZING', FALSE, 'admin'),
('COATING', FALSE, 'admin'),
('POLISHING', FALSE, 'admin');

-- ================================================
-- Processes (工程) - 800 records (60% PRESS with complete sequences)
-- SPM工程（PRESS）：rough_cycletime（秒）と setup_time（分）
-- DAY工程（その他）：rough_cycletime（日数）と production_limit（個数）
-- ================================================
INSERT INTO `processes` (`product_id`, `process_no`, `process_name`, `rough_cycletime`, `production_limit`, `setup_time`, `user`) VALUES
(1, 1, 'PLATING', 3.71, 24401, NULL, 'admin'),
(1, 2, 'ANODIZING', 6.48, 23241, NULL, 'admin'),
(2, 1, 'PRESS 1/4', 186.43, NULL, 44.95, 'admin'),
(2, 2, 'PRESS 2/4', 129.71, NULL, 80.07, 'admin'),
(2, 3, 'PRESS 3/4', 448.31, NULL, 62.54, 'admin'),
(2, 4, 'PRESS 4/4', 467.4, NULL, 118.36, 'admin'),
(2, 5, 'INSPECTION', 1.07, 23308, NULL, 'admin'),
(2, 6, 'WELDING', 1.42, 32628, NULL, 'admin'),
(2, 7, 'COATING', 3.69, 18585, NULL, 'admin'),
(3, 1, 'PRESS 1/3', 158.95, NULL, 99.03, 'admin'),
(3, 2, 'PRESS 2/3', 182.56, NULL, 117.15, 'admin'),
(3, 3, 'PRESS 3/3', 291.17, NULL, 85.21, 'admin'),
(3, 4, 'POLISHING', 5.67, 4441, NULL, 'admin'),
(3, 5, 'WELDING', 2.95, 40714, NULL, 'admin'),
(4, 1, 'ANODIZING', 3.13, 34935, NULL, 'admin'),
(4, 2, 'PAINTING', 4.34, 16089, NULL, 'admin'),
(4, 3, 'WELDING', 2.62, 11162, NULL, 'admin'),
(4, 4, 'ANODIZING', 4.86, 48965, NULL, 'admin'),
(4, 5, 'TAPPING', 6.57, 47483, NULL, 'admin'),
(5, 1, 'PRESS 1/4', 303.03, NULL, 111.3, 'admin'),
(5, 2, 'PRESS 2/4', 381.61, NULL, 27.13, 'admin'),
(5, 3, 'PRESS 3/4', 200.31, NULL, 61.87, 'admin'),
(5, 4, 'PRESS 4/4', 281.39, NULL, 82.11, 'admin'),
(5, 5, 'ASSEMBLY', 3.52, 46149, NULL, 'admin'),
(6, 1, 'PRESS 1/4', 126.6, NULL, 69.19, 'admin'),
(6, 2, 'PRESS 2/4', 363.84, NULL, 111.16, 'admin'),
(6, 3, 'PRESS 3/4', 353.06, NULL, 81.78, 'admin'),
(6, 4, 'PRESS 4/4', 272.9, NULL, 72.09, 'admin'),
(6, 5, 'TAPPING', 5.72, 37340, NULL, 'admin'),
(6, 6, 'PLATING', 1.64, 7253, NULL, 'admin'),
(6, 7, 'PLATING', 1.22, 4083, NULL, 'admin'),
(7, 1, 'PRESS 1/2', 307.67, NULL, 74.93, 'admin'),
(7, 2, 'PRESS 2/2', 462.67, NULL, 26.94, 'admin'),
(7, 3, 'PLATING', 1.39, 9953, NULL, 'admin'),
(7, 4, 'ASSEMBLY', 3.18, 47340, NULL, 'admin'),
(8, 1, 'PRESS 1/4', 384.79, NULL, 47.06, 'admin'),
(8, 2, 'PRESS 2/4', 350.04, NULL, 14.9, 'admin'),
(8, 3, 'PRESS 3/4', 275.86, NULL, 45.05, 'admin'),
(8, 4, 'PRESS 4/4', 53.89, NULL, 107.13, 'admin'),
(8, 5, 'ASSEMBLY', 5.51, 40701, NULL, 'admin'),
(9, 1, 'COATING', 2.11, 35921, NULL, 'admin'),
(9, 2, 'PAINTING', 6.19, 5105, NULL, 'admin'),
(9, 3, 'COATING', 5.86, 18675, NULL, 'admin'),
(10, 1, 'PRESS 1/4', 147.36, NULL, 67.47, 'admin'),
(10, 2, 'PRESS 2/4', 179.05, NULL, 75.2, 'admin'),
(10, 3, 'PRESS 3/4', 157.52, NULL, 94.2, 'admin'),
(10, 4, 'PRESS 4/4', 72.22, NULL, 30.1, 'admin'),
(10, 5, 'ASSEMBLY', 3.69, 28527, NULL, 'admin'),
(11, 1, 'PRESS 1/4', 339.47, NULL, 108.91, 'admin'),
(11, 2, 'PRESS 2/4', 493.35, NULL, 81.87, 'admin'),
(11, 3, 'PRESS 3/4', 140.21, NULL, 29.84, 'admin'),
(11, 4, 'PRESS 4/4', 133.88, NULL, 77.35, 'admin'),
(11, 5, 'WELDING', 6.58, 34796, NULL, 'admin'),
(12, 1, 'INSPECTION', 1.8, 22470, NULL, 'admin'),
(12, 2, 'POLISHING', 1.73, 43632, NULL, 'admin'),
(13, 1, 'PRESS 1/3', 75.46, NULL, 90.54, 'admin'),
(13, 2, 'PRESS 2/3', 355.43, NULL, 87.73, 'admin'),
(13, 3, 'PRESS 3/3', 323.17, NULL, 63.69, 'admin'),
(13, 4, 'ASSEMBLY', 2.56, 28774, NULL, 'admin'),
(13, 5, 'ASSEMBLY', 2.98, 23493, NULL, 'admin'),
(14, 1, 'PRESS 1/4', 133.41, NULL, 90.12, 'admin'),
(14, 2, 'PRESS 2/4', 81.52, NULL, 44.8, 'admin'),
(14, 3, 'PRESS 3/4', 423.58, NULL, 80.86, 'admin'),
(14, 4, 'PRESS 4/4', 115.8, NULL, 55.71, 'admin'),
(14, 5, 'ASSEMBLY', 2.91, 16051, NULL, 'admin'),
(14, 6, 'TAPPING', 1.77, 37865, NULL, 'admin'),
(15, 1, 'PAINTING', 3.91, 5453, NULL, 'admin'),
(15, 2, 'POLISHING', 5.23, 39036, NULL, 'admin'),
(15, 3, 'COATING', 5.96, 43768, NULL, 'admin'),
(15, 4, 'TAPPING', 4.12, 42375, NULL, 'admin'),
(16, 1, 'COATING', 4.83, 5099, NULL, 'admin'),
(16, 2, 'COATING', 4.65, 39767, NULL, 'admin'),
(17, 1, 'PRESS 1/3', 384.72, NULL, 45.36, 'admin'),
(17, 2, 'PRESS 2/3', 331.99, NULL, 30.48, 'admin'),
(17, 3, 'PRESS 3/3', 441.21, NULL, 94.57, 'admin'),
(17, 4, 'HEAT_TREATMENT', 5.32, 8707, NULL, 'admin'),
(17, 5, 'ASSEMBLY', 2.37, 31995, NULL, 'admin'),
(17, 6, 'ASSEMBLY', 1.05, 4782, NULL, 'admin'),
(18, 1, 'ASSEMBLY', 6.5, 18533, NULL, 'admin'),
(18, 2, 'HEAT_TREATMENT', 4.64, 16987, NULL, 'admin'),
(18, 3, 'INSPECTION', 1.67, 1965, NULL, 'admin'),
(19, 1, 'HEAT_TREATMENT', 5.02, 2245, NULL, 'admin'),
(19, 2, 'HEAT_TREATMENT', 4.8, 21766, NULL, 'admin'),
(20, 1, 'TAPPING', 3.83, 10255, NULL, 'admin'),
(20, 2, 'PLATING', 3.18, 37713, NULL, 'admin'),
(21, 1, 'ASSEMBLY', 5.71, 21952, NULL, 'admin'),
(21, 2, 'ANODIZING', 4.86, 48553, NULL, 'admin'),
(22, 1, 'ANODIZING', 6.15, 46518, NULL, 'admin'),
(22, 2, 'ANODIZING', 2.69, 15980, NULL, 'admin'),
(22, 3, 'POLISHING', 5.33, 32193, NULL, 'admin'),
(23, 1, 'POLISHING', 6.9, 30759, NULL, 'admin'),
(23, 2, 'ANODIZING', 6.23, 21390, NULL, 'admin'),
(24, 1, 'HEAT_TREATMENT', 3.44, 28603, NULL, 'admin'),
(24, 2, 'POLISHING', 5.9, 11939, NULL, 'admin'),
(24, 3, 'COATING', 3.61, 7649, NULL, 'admin'),
(24, 4, 'POLISHING', 3.87, 32648, NULL, 'admin'),
(25, 1, 'HEAT_TREATMENT', 1.35, 9996, NULL, 'admin'),
(25, 2, 'PAINTING', 4.39, 15492, NULL, 'admin'),
(25, 3, 'PLATING', 5.76, 38035, NULL, 'admin'),
(25, 4, 'ASSEMBLY', 1.37, 26999, NULL, 'admin'),
(26, 1, 'ASSEMBLY', 1.23, 22455, NULL, 'admin'),
(26, 2, 'POLISHING', 2.6, 13445, NULL, 'admin'),
(26, 3, 'PAINTING', 4.41, 21807, NULL, 'admin'),
(27, 1, 'PRESS 1/2', 402.84, NULL, 66.07, 'admin'),
(27, 2, 'PRESS 2/2', 265.06, NULL, 76.71, 'admin'),
(27, 3, 'COATING', 1.74, 20182, NULL, 'admin'),
(28, 1, 'PRESS 1/2', 435.59, NULL, 73.87, 'admin'),
(28, 2, 'PRESS 2/2', 100.09, NULL, 71.11, 'admin'),
(28, 3, 'HEAT_TREATMENT', 3.47, 44337, NULL, 'admin'),
(28, 4, 'PLATING', 2.33, 5792, NULL, 'admin'),
(29, 1, 'HEAT_TREATMENT', 5.56, 40388, NULL, 'admin'),
(29, 2, 'ASSEMBLY', 4.69, 33074, NULL, 'admin'),
(30, 1, 'PRESS 1/2', 251.35, NULL, 117.93, 'admin'),
(30, 2, 'PRESS 2/2', 130.01, NULL, 79.1, 'admin'),
(30, 3, 'PAINTING', 1.22, 34713, NULL, 'admin'),
(30, 4, 'INSPECTION', 2.17, 22925, NULL, 'admin'),
(31, 1, 'PRESS 1/2', 50.83, NULL, 92.18, 'admin'),
(31, 2, 'PRESS 2/2', 396.77, NULL, 108.89, 'admin'),
(31, 3, 'COATING', 2.25, 30820, NULL, 'admin'),
(31, 4, 'ANODIZING', 2.17, 39085, NULL, 'admin'),
(31, 5, 'TAPPING', 2.19, 43250, NULL, 'admin'),
(32, 1, 'HEAT_TREATMENT', 3.82, 44635, NULL, 'admin'),
(32, 2, 'INSPECTION', 3.38, 39390, NULL, 'admin'),
(32, 3, 'INSPECTION', 1.41, 4412, NULL, 'admin'),
(33, 1, 'PRESS 1/4', 240.44, NULL, 47.55, 'admin'),
(33, 2, 'PRESS 2/4', 64.91, NULL, 23.16, 'admin'),
(33, 3, 'PRESS 3/4', 270.27, NULL, 27.11, 'admin'),
(33, 4, 'PRESS 4/4', 404.42, NULL, 15.13, 'admin'),
(33, 5, 'POLISHING', 6.52, 37706, NULL, 'admin'),
(34, 1, 'INSPECTION', 6.43, 10541, NULL, 'admin'),
(34, 2, 'PLATING', 6.15, 38612, NULL, 'admin'),
(34, 3, 'ASSEMBLY', 4.75, 13486, NULL, 'admin'),
(34, 4, 'PAINTING', 6.71, 2242, NULL, 'admin'),
(35, 1, 'COATING', 5.01, 44057, NULL, 'admin'),
(35, 2, 'POLISHING', 2.01, 22302, NULL, 'admin'),
(36, 1, 'PRESS 1/5', 126.57, NULL, 30.13, 'admin'),
(36, 2, 'PRESS 2/5', 99.91, NULL, 20.39, 'admin'),
(36, 3, 'PRESS 3/5', 97.15, NULL, 116.98, 'admin'),
(36, 4, 'PRESS 4/5', 158.24, NULL, 40.16, 'admin'),
(36, 5, 'PRESS 5/5', 134.19, NULL, 110.62, 'admin'),
(36, 6, 'PAINTING', 3.94, 20561, NULL, 'admin'),
(36, 7, 'POLISHING', 1.73, 20018, NULL, 'admin'),
(36, 8, 'INSPECTION', 4.59, 29010, NULL, 'admin'),
(37, 1, 'PAINTING', 1.29, 34842, NULL, 'admin'),
(37, 2, 'PLATING', 3.42, 30553, NULL, 'admin'),
(37, 3, 'POLISHING', 6.98, 45129, NULL, 'admin'),
(38, 1, 'PRESS 1/3', 217.08, NULL, 108.36, 'admin'),
(38, 2, 'PRESS 2/3', 295.98, NULL, 19.39, 'admin'),
(38, 3, 'PRESS 3/3', 434.09, NULL, 66.61, 'admin'),
(38, 4, 'INSPECTION', 2.47, 38742, NULL, 'admin'),
(39, 1, 'PRESS 1/2', 340.97, NULL, 89.7, 'admin'),
(39, 2, 'PRESS 2/2', 70.31, NULL, 84.61, 'admin'),
(39, 3, 'PAINTING', 6.3, 14220, NULL, 'admin'),
(39, 4, 'ANODIZING', 3.85, 35477, NULL, 'admin'),
(39, 5, 'PAINTING', 5.39, 3444, NULL, 'admin'),
(40, 1, 'PAINTING', 5.28, 25972, NULL, 'admin'),
(40, 2, 'ASSEMBLY', 3.03, 2002, NULL, 'admin'),
(40, 3, 'POLISHING', 2.79, 32240, NULL, 'admin'),
(40, 4, 'TAPPING', 4.75, 34745, NULL, 'admin'),
(40, 5, 'ASSEMBLY', 4.92, 49807, NULL, 'admin'),
(41, 1, 'WELDING', 4.88, 36462, NULL, 'admin'),
(41, 2, 'ASSEMBLY', 5.33, 42484, NULL, 'admin'),
(41, 3, 'INSPECTION', 1.08, 20046, NULL, 'admin'),
(41, 4, 'ASSEMBLY', 6.27, 46729, NULL, 'admin'),
(42, 1, 'WELDING', 4.52, 19118, NULL, 'admin'),
(42, 2, 'HEAT_TREATMENT', 4.46, 17934, NULL, 'admin'),
(42, 3, 'INSPECTION', 2.64, 47278, NULL, 'admin'),
(43, 1, 'PRESS 1/5', 72.67, NULL, 42.99, 'admin'),
(43, 2, 'PRESS 2/5', 264.32, NULL, 14.9, 'admin'),
(43, 3, 'PRESS 3/5', 442.07, NULL, 115.51, 'admin'),
(43, 4, 'PRESS 4/5', 393.95, NULL, 37.7, 'admin'),
(43, 5, 'PRESS 5/5', 184.05, NULL, 105.25, 'admin'),
(43, 6, 'PAINTING', 3.12, 39675, NULL, 'admin'),
(43, 7, 'COATING', 2.85, 44670, NULL, 'admin'),
(44, 1, 'PRESS 1/5', 181.56, NULL, 25.66, 'admin'),
(44, 2, 'PRESS 2/5', 370.57, NULL, 10.22, 'admin'),
(44, 3, 'PRESS 3/5', 165.75, NULL, 78.64, 'admin'),
(44, 4, 'PRESS 4/5', 385.54, NULL, 48.08, 'admin'),
(44, 5, 'PRESS 5/5', 328.51, NULL, 105.8, 'admin'),
(44, 6, 'INSPECTION', 4.26, 7232, NULL, 'admin'),
(44, 7, 'ASSEMBLY', 1.9, 44974, NULL, 'admin'),
(45, 1, 'PRESS 1/5', 341.89, NULL, 61.74, 'admin'),
(45, 2, 'PRESS 2/5', 490.29, NULL, 64.53, 'admin'),
(45, 3, 'PRESS 3/5', 121.82, NULL, 51.33, 'admin'),
(45, 4, 'PRESS 4/5', 404.4, NULL, 57.39, 'admin'),
(45, 5, 'PRESS 5/5', 239.27, NULL, 24.15, 'admin'),
(45, 6, 'ANODIZING', 4.09, 40023, NULL, 'admin'),
(46, 1, 'COATING', 1.94, 32726, NULL, 'admin'),
(46, 2, 'ANODIZING', 4.52, 4704, NULL, 'admin'),
(46, 3, 'INSPECTION', 3.18, 23901, NULL, 'admin'),
(47, 1, 'PRESS 1/2', 96.39, NULL, 17.3, 'admin'),
(47, 2, 'PRESS 2/2', 338.09, NULL, 83.77, 'admin'),
(47, 3, 'ANODIZING', 2.04, 2825, NULL, 'admin'),
(48, 1, 'WELDING', 5.95, 16423, NULL, 'admin'),
(48, 2, 'POLISHING', 3.24, 26866, NULL, 'admin'),
(48, 3, 'ASSEMBLY', 3.94, 6431, NULL, 'admin'),
(48, 4, 'ANODIZING', 5.86, 34856, NULL, 'admin'),
(48, 5, 'POLISHING', 2.71, 35832, NULL, 'admin'),
(49, 1, 'PRESS 1/5', 496.22, NULL, 48.96, 'admin'),
(49, 2, 'PRESS 2/5', 456.87, NULL, 105.94, 'admin'),
(49, 3, 'PRESS 3/5', 202.35, NULL, 98.79, 'admin'),
(49, 4, 'PRESS 4/5', 317.73, NULL, 34.02, 'admin'),
(49, 5, 'PRESS 5/5', 354.92, NULL, 59.95, 'admin'),
(49, 6, 'POLISHING', 5.98, 47037, NULL, 'admin'),
(50, 1, 'PRESS 1/4', 479.78, NULL, 22.98, 'admin'),
(50, 2, 'PRESS 2/4', 285.1, NULL, 63.77, 'admin'),
(50, 3, 'PRESS 3/4', 494.91, NULL, 114.54, 'admin'),
(50, 4, 'PRESS 4/4', 162.81, NULL, 96.59, 'admin'),
(50, 5, 'TAPPING', 3.32, 8496, NULL, 'admin'),
(50, 6, 'PAINTING', 6.47, 40889, NULL, 'admin'),
(51, 1, 'PRESS 1/5', 174.92, NULL, 35.53, 'admin'),
(51, 2, 'PRESS 2/5', 299.91, NULL, 38.1, 'admin'),
(51, 3, 'PRESS 3/5', 435.71, NULL, 86.73, 'admin'),
(51, 4, 'PRESS 4/5', 363.77, NULL, 60.21, 'admin'),
(51, 5, 'PRESS 5/5', 442.2, NULL, 49.99, 'admin'),
(51, 6, 'COATING', 1.46, 9951, NULL, 'admin'),
(51, 7, 'INSPECTION', 6.77, 9163, NULL, 'admin'),
(51, 8, 'INSPECTION', 6.28, 34061, NULL, 'admin'),
(52, 1, 'PRESS 1/4', 434.51, NULL, 69.64, 'admin'),
(52, 2, 'PRESS 2/4', 231.74, NULL, 39.88, 'admin'),
(52, 3, 'PRESS 3/4', 397.6, NULL, 34.48, 'admin'),
(52, 4, 'PRESS 4/4', 307.76, NULL, 84.59, 'admin'),
(52, 5, 'ASSEMBLY', 1.47, 42896, NULL, 'admin'),
(53, 1, 'TAPPING', 1.26, 12542, NULL, 'admin'),
(53, 2, 'TAPPING', 6.12, 27368, NULL, 'admin'),
(54, 1, 'WELDING', 6.18, 35793, NULL, 'admin'),
(54, 2, 'ASSEMBLY', 5.0, 41134, NULL, 'admin'),
(54, 3, 'HEAT_TREATMENT', 4.85, 13627, NULL, 'admin'),
(55, 1, 'PRESS 1/4', 183.89, NULL, 65.39, 'admin'),
(55, 2, 'PRESS 2/4', 366.55, NULL, 118.77, 'admin'),
(55, 3, 'PRESS 3/4', 276.41, NULL, 83.35, 'admin'),
(55, 4, 'PRESS 4/4', 251.43, NULL, 114.88, 'admin'),
(55, 5, 'TAPPING', 1.27, 47415, NULL, 'admin'),
(55, 6, 'TAPPING', 6.93, 25198, NULL, 'admin'),
(56, 1, 'PRESS 1/2', 191.53, NULL, 51.48, 'admin'),
(56, 2, 'PRESS 2/2', 221.45, NULL, 27.65, 'admin'),
(56, 3, 'PLATING', 1.11, 33080, NULL, 'admin'),
(56, 4, 'PLATING', 3.36, 3010, NULL, 'admin'),
(56, 5, 'WELDING', 6.82, 23041, NULL, 'admin'),
(57, 1, 'PRESS 1/4', 499.19, NULL, 57.13, 'admin'),
(57, 2, 'PRESS 2/4', 66.3, NULL, 52.11, 'admin'),
(57, 3, 'PRESS 3/4', 174.95, NULL, 53.39, 'admin'),
(57, 4, 'PRESS 4/4', 161.14, NULL, 12.78, 'admin'),
(57, 5, 'INSPECTION', 6.35, 44265, NULL, 'admin'),
(58, 1, 'PRESS 1/4', 334.31, NULL, 61.3, 'admin'),
(58, 2, 'PRESS 2/4', 163.01, NULL, 41.02, 'admin'),
(58, 3, 'PRESS 3/4', 407.81, NULL, 71.04, 'admin'),
(58, 4, 'PRESS 4/4', 263.89, NULL, 112.05, 'admin'),
(58, 5, 'TAPPING', 2.1, 1178, NULL, 'admin'),
(59, 1, 'PRESS 1/4', 228.73, NULL, 71.44, 'admin'),
(59, 2, 'PRESS 2/4', 285.05, NULL, 50.57, 'admin'),
(59, 3, 'PRESS 3/4', 225.11, NULL, 65.49, 'admin'),
(59, 4, 'PRESS 4/4', 294.21, NULL, 107.41, 'admin'),
(59, 5, 'TAPPING', 6.05, 13718, NULL, 'admin'),
(59, 6, 'TAPPING', 4.13, 7837, NULL, 'admin'),
(60, 1, 'PRESS 1/2', 260.86, NULL, 108.09, 'admin'),
(60, 2, 'PRESS 2/2', 280.69, NULL, 47.52, 'admin'),
(60, 3, 'PAINTING', 3.47, 32186, NULL, 'admin'),
(61, 1, 'PRESS 1/3', 468.63, NULL, 91.17, 'admin'),
(61, 2, 'PRESS 2/3', 383.99, NULL, 32.44, 'admin'),
(61, 3, 'PRESS 3/3', 303.37, NULL, 109.34, 'admin'),
(61, 4, 'POLISHING', 5.1, 14563, NULL, 'admin'),
(61, 5, 'PLATING', 4.95, 38794, NULL, 'admin'),
(61, 6, 'PLATING', 2.81, 11277, NULL, 'admin'),
(62, 1, 'PRESS 1/3', 424.85, NULL, 101.34, 'admin'),
(62, 2, 'PRESS 2/3', 402.17, NULL, 50.9, 'admin'),
(62, 3, 'PRESS 3/3', 408.01, NULL, 32.04, 'admin'),
(62, 4, 'COATING', 1.63, 47855, NULL, 'admin'),
(63, 1, 'PRESS 1/5', 437.8, NULL, 85.19, 'admin'),
(63, 2, 'PRESS 2/5', 444.86, NULL, 107.89, 'admin'),
(63, 3, 'PRESS 3/5', 300.09, NULL, 29.0, 'admin'),
(63, 4, 'PRESS 4/5', 469.58, NULL, 85.88, 'admin'),
(63, 5, 'PRESS 5/5', 479.54, NULL, 18.22, 'admin'),
(63, 6, 'POLISHING', 2.81, 37087, NULL, 'admin'),
(64, 1, 'PAINTING', 2.81, 22334, NULL, 'admin'),
(64, 2, 'ANODIZING', 5.09, 46687, NULL, 'admin'),
(64, 3, 'COATING', 1.51, 13054, NULL, 'admin'),
(64, 4, 'WELDING', 4.22, 24276, NULL, 'admin'),
(65, 1, 'HEAT_TREATMENT', 4.0, 38278, NULL, 'admin'),
(65, 2, 'INSPECTION', 5.65, 20056, NULL, 'admin'),
(65, 3, 'COATING', 4.91, 17577, NULL, 'admin'),
(65, 4, 'ASSEMBLY', 4.38, 27451, NULL, 'admin'),
(65, 5, 'COATING', 5.21, 49997, NULL, 'admin'),
(66, 1, 'PRESS 1/5', 442.75, NULL, 117.47, 'admin'),
(66, 2, 'PRESS 2/5', 498.5, NULL, 97.17, 'admin'),
(66, 3, 'PRESS 3/5', 397.78, NULL, 19.16, 'admin'),
(66, 4, 'PRESS 4/5', 400.85, NULL, 91.65, 'admin'),
(66, 5, 'PRESS 5/5', 133.61, NULL, 118.29, 'admin'),
(66, 6, 'INSPECTION', 5.26, 44941, NULL, 'admin'),
(66, 7, 'INSPECTION', 3.63, 30591, NULL, 'admin'),
(66, 8, 'HEAT_TREATMENT', 4.73, 13456, NULL, 'admin'),
(67, 1, 'PRESS 1/4', 486.37, NULL, 57.7, 'admin'),
(67, 2, 'PRESS 2/4', 53.09, NULL, 117.42, 'admin'),
(67, 3, 'PRESS 3/4', 199.72, NULL, 84.16, 'admin'),
(67, 4, 'PRESS 4/4', 244.63, NULL, 95.5, 'admin'),
(67, 5, 'HEAT_TREATMENT', 4.33, 37454, NULL, 'admin'),
(68, 1, 'POLISHING', 2.88, 32553, NULL, 'admin'),
(68, 2, 'HEAT_TREATMENT', 1.67, 28370, NULL, 'admin'),
(69, 1, 'POLISHING', 3.38, 34425, NULL, 'admin'),
(69, 2, 'PLATING', 3.41, 24280, NULL, 'admin'),
(69, 3, 'COATING', 3.07, 41343, NULL, 'admin'),
(69, 4, 'TAPPING', 1.78, 2419, NULL, 'admin'),
(70, 1, 'PRESS 1/5', 455.31, NULL, 30.35, 'admin'),
(70, 2, 'PRESS 2/5', 308.88, NULL, 31.61, 'admin'),
(70, 3, 'PRESS 3/5', 393.83, NULL, 111.32, 'admin'),
(70, 4, 'PRESS 4/5', 150.39, NULL, 40.81, 'admin'),
(70, 5, 'PRESS 5/5', 448.46, NULL, 107.04, 'admin'),
(70, 6, 'TAPPING', 5.32, 22968, NULL, 'admin'),
(70, 7, 'PAINTING', 1.84, 8190, NULL, 'admin'),
(70, 8, 'WELDING', 1.02, 22904, NULL, 'admin'),
(71, 1, 'PRESS 1/3', 325.24, NULL, 100.25, 'admin'),
(71, 2, 'PRESS 2/3', 492.53, NULL, 61.41, 'admin'),
(71, 3, 'PRESS 3/3', 446.29, NULL, 18.22, 'admin'),
(71, 4, 'HEAT_TREATMENT', 5.19, 32260, NULL, 'admin'),
(71, 5, 'HEAT_TREATMENT', 4.88, 29084, NULL, 'admin'),
(71, 6, 'TAPPING', 6.23, 33837, NULL, 'admin'),
(72, 1, 'PRESS 1/3', 86.26, NULL, 118.05, 'admin'),
(72, 2, 'PRESS 2/3', 485.73, NULL, 86.82, 'admin'),
(72, 3, 'PRESS 3/3', 94.27, NULL, 70.31, 'admin'),
(72, 4, 'INSPECTION', 4.27, 21435, NULL, 'admin'),
(72, 5, 'TAPPING', 1.08, 45499, NULL, 'admin'),
(73, 1, 'PRESS 1/4', 360.21, NULL, 110.98, 'admin'),
(73, 2, 'PRESS 2/4', 197.68, NULL, 111.9, 'admin'),
(73, 3, 'PRESS 3/4', 159.42, NULL, 19.64, 'admin'),
(73, 4, 'PRESS 4/4', 477.89, NULL, 29.21, 'admin'),
(73, 5, 'COATING', 4.17, 20357, NULL, 'admin'),
(74, 1, 'PRESS 1/2', 437.55, NULL, 115.22, 'admin'),
(74, 2, 'PRESS 2/2', 145.09, NULL, 11.22, 'admin'),
(74, 3, 'PAINTING', 4.78, 21315, NULL, 'admin'),
(74, 4, 'INSPECTION', 1.54, 40977, NULL, 'admin'),
(74, 5, 'TAPPING', 2.71, 15661, NULL, 'admin'),
(75, 1, 'PRESS 1/2', 395.4, NULL, 53.7, 'admin'),
(75, 2, 'PRESS 2/2', 129.34, NULL, 119.69, 'admin'),
(75, 3, 'ASSEMBLY', 4.95, 9563, NULL, 'admin'),
(76, 1, 'PRESS 1/4', 230.93, NULL, 93.1, 'admin'),
(76, 2, 'PRESS 2/4', 235.5, NULL, 93.68, 'admin'),
(76, 3, 'PRESS 3/4', 496.68, NULL, 115.85, 'admin'),
(76, 4, 'PRESS 4/4', 352.5, NULL, 24.43, 'admin'),
(76, 5, 'INSPECTION', 6.69, 26605, NULL, 'admin'),
(76, 6, 'HEAT_TREATMENT', 5.13, 36082, NULL, 'admin'),
(76, 7, 'WELDING', 6.03, 27546, NULL, 'admin'),
(77, 1, 'ASSEMBLY', 6.7, 41864, NULL, 'admin'),
(77, 2, 'ASSEMBLY', 5.6, 45890, NULL, 'admin'),
(77, 3, 'COATING', 4.75, 34090, NULL, 'admin'),
(78, 1, 'PRESS 1/2', 430.38, NULL, 81.3, 'admin'),
(78, 2, 'PRESS 2/2', 378.42, NULL, 38.26, 'admin'),
(78, 3, 'ASSEMBLY', 6.09, 47078, NULL, 'admin'),
(79, 1, 'HEAT_TREATMENT', 2.08, 40265, NULL, 'admin'),
(79, 2, 'TAPPING', 5.44, 9697, NULL, 'admin'),
(79, 3, 'TAPPING', 1.08, 14137, NULL, 'admin'),
(80, 1, 'PRESS 1/5', 59.33, NULL, 33.18, 'admin'),
(80, 2, 'PRESS 2/5', 351.55, NULL, 33.04, 'admin'),
(80, 3, 'PRESS 3/5', 339.19, NULL, 64.15, 'admin'),
(80, 4, 'PRESS 4/5', 405.39, NULL, 32.12, 'admin'),
(80, 5, 'PRESS 5/5', 457.84, NULL, 22.02, 'admin'),
(80, 6, 'WELDING', 2.24, 8241, NULL, 'admin'),
(80, 7, 'COATING', 5.21, 14083, NULL, 'admin'),
(81, 1, 'PRESS 1/5', 71.79, NULL, 116.49, 'admin'),
(81, 2, 'PRESS 2/5', 92.89, NULL, 44.69, 'admin'),
(81, 3, 'PRESS 3/5', 358.26, NULL, 89.48, 'admin'),
(81, 4, 'PRESS 4/5', 110.51, NULL, 54.57, 'admin'),
(81, 5, 'PRESS 5/5', 233.23, NULL, 52.0, 'admin'),
(81, 6, 'WELDING', 6.81, 11517, NULL, 'admin'),
(81, 7, 'ASSEMBLY', 1.06, 7863, NULL, 'admin'),
(81, 8, 'POLISHING', 2.97, 25952, NULL, 'admin'),
(82, 1, 'PRESS 1/3', 425.63, NULL, 22.9, 'admin'),
(82, 2, 'PRESS 2/3', 164.55, NULL, 36.13, 'admin'),
(82, 3, 'PRESS 3/3', 313.38, NULL, 19.8, 'admin'),
(82, 4, 'PAINTING', 1.18, 44989, NULL, 'admin'),
(82, 5, 'PLATING', 4.16, 12827, NULL, 'admin'),
(82, 6, 'HEAT_TREATMENT', 4.55, 3344, NULL, 'admin'),
(83, 1, 'POLISHING', 2.83, 48634, NULL, 'admin'),
(83, 2, 'TAPPING', 3.21, 30560, NULL, 'admin'),
(83, 3, 'TAPPING', 5.14, 20561, NULL, 'admin'),
(83, 4, 'WELDING', 2.4, 37844, NULL, 'admin'),
(83, 5, 'COATING', 4.64, 14448, NULL, 'admin'),
(84, 1, 'PRESS 1/2', 57.69, NULL, 100.85, 'admin'),
(84, 2, 'PRESS 2/2', 283.38, NULL, 66.57, 'admin'),
(84, 3, 'HEAT_TREATMENT', 3.69, 2067, NULL, 'admin'),
(85, 1, 'ASSEMBLY', 3.16, 18152, NULL, 'admin'),
(85, 2, 'INSPECTION', 3.39, 45532, NULL, 'admin'),
(86, 1, 'HEAT_TREATMENT', 4.86, 14576, NULL, 'admin'),
(86, 2, 'HEAT_TREATMENT', 4.34, 21827, NULL, 'admin'),
(86, 3, 'PLATING', 2.49, 32683, NULL, 'admin'),
(86, 4, 'PLATING', 4.55, 8601, NULL, 'admin'),
(86, 5, 'PLATING', 3.28, 7080, NULL, 'admin'),
(87, 1, 'PRESS 1/3', 155.35, NULL, 98.24, 'admin'),
(87, 2, 'PRESS 2/3', 336.04, NULL, 90.61, 'admin'),
(87, 3, 'PRESS 3/3', 224.44, NULL, 48.97, 'admin'),
(87, 4, 'COATING', 3.2, 36932, NULL, 'admin'),
(88, 1, 'PRESS 1/3', 321.7, NULL, 23.16, 'admin'),
(88, 2, 'PRESS 2/3', 115.15, NULL, 112.21, 'admin'),
(88, 3, 'PRESS 3/3', 252.18, NULL, 83.14, 'admin'),
(88, 4, 'POLISHING', 1.57, 6941, NULL, 'admin'),
(89, 1, 'ASSEMBLY', 5.37, 36006, NULL, 'admin'),
(89, 2, 'POLISHING', 2.74, 20107, NULL, 'admin'),
(89, 3, 'ASSEMBLY', 1.41, 28878, NULL, 'admin'),
(89, 4, 'PLATING', 4.4, 41686, NULL, 'admin'),
(89, 5, 'WELDING', 7.0, 48795, NULL, 'admin'),
(90, 1, 'TAPPING', 5.36, 46944, NULL, 'admin'),
(90, 2, 'PAINTING', 3.57, 6056, NULL, 'admin'),
(90, 3, 'COATING', 3.19, 24749, NULL, 'admin'),
(91, 1, 'INSPECTION', 2.85, 27458, NULL, 'admin'),
(91, 2, 'ANODIZING', 6.77, 38674, NULL, 'admin'),
(91, 3, 'POLISHING', 3.03, 39346, NULL, 'admin'),
(92, 1, 'INSPECTION', 2.63, 16545, NULL, 'admin'),
(92, 2, 'TAPPING', 4.11, 25902, NULL, 'admin'),
(93, 1, 'PLATING', 2.98, 3719, NULL, 'admin'),
(93, 2, 'INSPECTION', 6.37, 43816, NULL, 'admin'),
(93, 3, 'POLISHING', 4.64, 12933, NULL, 'admin'),
(93, 4, 'ASSEMBLY', 6.42, 45919, NULL, 'admin'),
(93, 5, 'COATING', 4.86, 4961, NULL, 'admin'),
(94, 1, 'PRESS 1/3', 273.9, NULL, 83.52, 'admin'),
(94, 2, 'PRESS 2/3', 115.29, NULL, 61.94, 'admin'),
(94, 3, 'PRESS 3/3', 83.74, NULL, 67.77, 'admin'),
(94, 4, 'COATING', 5.75, 37863, NULL, 'admin'),
(95, 1, 'COATING', 4.13, 24399, NULL, 'admin'),
(95, 2, 'COATING', 5.7, 24596, NULL, 'admin'),
(95, 3, 'COATING', 2.45, 6319, NULL, 'admin'),
(95, 4, 'POLISHING', 4.45, 14770, NULL, 'admin'),
(96, 1, 'HEAT_TREATMENT', 4.88, 11873, NULL, 'admin'),
(96, 2, 'POLISHING', 2.01, 23015, NULL, 'admin'),
(96, 3, 'HEAT_TREATMENT', 6.05, 39939, NULL, 'admin'),
(97, 1, 'PRESS 1/2', 373.03, NULL, 89.23, 'admin'),
(97, 2, 'PRESS 2/2', 426.82, NULL, 19.51, 'admin'),
(97, 3, 'PLATING', 2.95, 32292, NULL, 'admin'),
(97, 4, 'ANODIZING', 1.43, 17117, NULL, 'admin'),
(97, 5, 'WELDING', 5.04, 14751, NULL, 'admin'),
(98, 1, 'WELDING', 2.26, 13968, NULL, 'admin'),
(98, 2, 'COATING', 6.35, 21693, NULL, 'admin'),
(98, 3, 'TAPPING', 6.98, 18048, NULL, 'admin'),
(98, 4, 'INSPECTION', 4.98, 36446, NULL, 'admin'),
(99, 1, 'PRESS 1/3', 210.22, NULL, 118.39, 'admin'),
(99, 2, 'PRESS 2/3', 244.87, NULL, 26.08, 'admin'),
(99, 3, 'PRESS 3/3', 474.78, NULL, 86.98, 'admin'),
(99, 4, 'PAINTING', 1.62, 31485, NULL, 'admin'),
(99, 5, 'ASSEMBLY', 4.19, 6863, NULL, 'admin'),
(99, 6, 'COATING', 6.25, 13096, NULL, 'admin'),
(100, 1, 'PAINTING', 4.18, 31626, NULL, 'admin'),
(100, 2, 'PLATING', 2.15, 34389, NULL, 'admin'),
(100, 3, 'COATING', 2.3, 25777, NULL, 'admin'),
(100, 4, 'PAINTING', 3.04, 35324, NULL, 'admin'),
(101, 1, 'ANODIZING', 2.96, 15071, NULL, 'admin'),
(101, 2, 'PAINTING', 3.88, 2507, NULL, 'admin'),
(101, 3, 'ANODIZING', 1.08, 37575, NULL, 'admin'),
(101, 4, 'INSPECTION', 2.78, 32145, NULL, 'admin'),
(102, 1, 'PRESS 1/3', 405.62, NULL, 117.4, 'admin'),
(102, 2, 'PRESS 2/3', 244.51, NULL, 37.01, 'admin'),
(102, 3, 'PRESS 3/3', 385.55, NULL, 104.89, 'admin'),
(102, 4, 'PLATING', 5.13, 27751, NULL, 'admin'),
(103, 1, 'PAINTING', 5.55, 40575, NULL, 'admin'),
(103, 2, 'COATING', 4.02, 28159, NULL, 'admin'),
(103, 3, 'INSPECTION', 4.39, 38434, NULL, 'admin'),
(103, 4, 'WELDING', 2.74, 6010, NULL, 'admin'),
(103, 5, 'COATING', 4.17, 5855, NULL, 'admin'),
(104, 1, 'PRESS 1/3', 358.22, NULL, 69.43, 'admin'),
(104, 2, 'PRESS 2/3', 73.55, NULL, 24.02, 'admin'),
(104, 3, 'PRESS 3/3', 64.07, NULL, 116.5, 'admin'),
(104, 4, 'POLISHING', 3.49, 13869, NULL, 'admin'),
(104, 5, 'COATING', 2.79, 17514, NULL, 'admin'),
(104, 6, 'COATING', 5.13, 37859, NULL, 'admin'),
(105, 1, 'PRESS 1/5', 226.25, NULL, 100.45, 'admin'),
(105, 2, 'PRESS 2/5', 149.43, NULL, 81.22, 'admin'),
(105, 3, 'PRESS 3/5', 53.22, NULL, 60.16, 'admin'),
(105, 4, 'PRESS 4/5', 192.59, NULL, 82.34, 'admin'),
(105, 5, 'PRESS 5/5', 260.75, NULL, 94.81, 'admin'),
(105, 6, 'COATING', 3.68, 13428, NULL, 'admin'),
(106, 1, 'INSPECTION', 4.78, 22461, NULL, 'admin'),
(106, 2, 'PLATING', 1.41, 20738, NULL, 'admin'),
(106, 3, 'POLISHING', 6.77, 25484, NULL, 'admin'),
(106, 4, 'WELDING', 1.91, 49231, NULL, 'admin'),
(107, 1, 'ANODIZING', 2.58, 49334, NULL, 'admin'),
(107, 2, 'POLISHING', 1.39, 43353, NULL, 'admin'),
(107, 3, 'PLATING', 5.48, 25400, NULL, 'admin'),
(107, 4, 'PAINTING', 6.34, 12539, NULL, 'admin'),
(108, 1, 'PRESS 1/2', 178.96, NULL, 25.77, 'admin'),
(108, 2, 'PRESS 2/2', 266.36, NULL, 28.75, 'admin'),
(108, 3, 'WELDING', 2.66, 33298, NULL, 'admin'),
(108, 4, 'ANODIZING', 3.67, 25656, NULL, 'admin'),
(108, 5, 'POLISHING', 3.18, 32158, NULL, 'admin'),
(109, 1, 'PAINTING', 1.39, 14705, NULL, 'admin'),
(109, 2, 'HEAT_TREATMENT', 2.37, 17969, NULL, 'admin'),
(109, 3, 'INSPECTION', 1.23, 38363, NULL, 'admin'),
(109, 4, 'PAINTING', 6.23, 29542, NULL, 'admin'),
(109, 5, 'PAINTING', 2.53, 18887, NULL, 'admin'),
(110, 1, 'PAINTING', 5.59, 48619, NULL, 'admin'),
(110, 2, 'ANODIZING', 4.15, 5319, NULL, 'admin'),
(110, 3, 'INSPECTION', 1.18, 14036, NULL, 'admin'),
(110, 4, 'PLATING', 5.19, 33623, NULL, 'admin'),
(111, 1, 'INSPECTION', 2.9, 47794, NULL, 'admin'),
(111, 2, 'ASSEMBLY', 3.97, 27129, NULL, 'admin'),
(111, 3, 'PLATING', 4.72, 1751, NULL, 'admin'),
(111, 4, 'WELDING', 4.74, 6756, NULL, 'admin'),
(111, 5, 'POLISHING', 5.44, 49399, NULL, 'admin'),
(112, 1, 'ASSEMBLY', 1.93, 4836, NULL, 'admin'),
(112, 2, 'HEAT_TREATMENT', 1.64, 14518, NULL, 'admin'),
(113, 1, 'PRESS 1/3', 390.44, NULL, 31.93, 'admin'),
(113, 2, 'PRESS 2/3', 131.14, NULL, 72.84, 'admin'),
(113, 3, 'PRESS 3/3', 338.04, NULL, 35.42, 'admin'),
(113, 4, 'ASSEMBLY', 3.81, 9172, NULL, 'admin'),
(114, 1, 'PRESS 1/5', 480.29, NULL, 11.99, 'admin'),
(114, 2, 'PRESS 2/5', 201.56, NULL, 110.26, 'admin'),
(114, 3, 'PRESS 3/5', 258.35, NULL, 74.63, 'admin'),
(114, 4, 'PRESS 4/5', 471.43, NULL, 93.22, 'admin'),
(114, 5, 'PRESS 5/5', 475.63, NULL, 59.39, 'admin'),
(114, 6, 'WELDING', 4.94, 10615, NULL, 'admin'),
(114, 7, 'ANODIZING', 3.92, 1591, NULL, 'admin'),
(114, 8, 'INSPECTION', 2.73, 5370, NULL, 'admin'),
(115, 1, 'PAINTING', 2.16, 23806, NULL, 'admin'),
(115, 2, 'PLATING', 4.03, 38186, NULL, 'admin'),
(115, 3, 'PAINTING', 1.09, 33964, NULL, 'admin'),
(116, 1, 'PAINTING', 1.71, 17192, NULL, 'admin'),
(116, 2, 'COATING', 5.55, 45634, NULL, 'admin'),
(116, 3, 'POLISHING', 4.47, 10743, NULL, 'admin'),
(116, 4, 'ASSEMBLY', 2.07, 15653, NULL, 'admin'),
(116, 5, 'PAINTING', 2.37, 24494, NULL, 'admin'),
(117, 1, 'ANODIZING', 5.92, 8540, NULL, 'admin'),
(117, 2, 'INSPECTION', 5.38, 20860, NULL, 'admin'),
(118, 1, 'PRESS 1/2', 75.4, NULL, 85.21, 'admin'),
(118, 2, 'PRESS 2/2', 55.79, NULL, 58.66, 'admin'),
(118, 3, 'COATING', 6.47, 32285, NULL, 'admin'),
(118, 4, 'POLISHING', 1.82, 49799, NULL, 'admin'),
(119, 1, 'PRESS 1/3', 342.8, NULL, 42.0, 'admin'),
(119, 2, 'PRESS 2/3', 360.75, NULL, 15.42, 'admin'),
(119, 3, 'PRESS 3/3', 292.07, NULL, 117.05, 'admin'),
(119, 4, 'WELDING', 1.34, 49344, NULL, 'admin'),
(119, 5, 'TAPPING', 2.01, 11322, NULL, 'admin'),
(119, 6, 'WELDING', 2.53, 25606, NULL, 'admin'),
(120, 1, 'HEAT_TREATMENT', 1.16, 13427, NULL, 'admin'),
(120, 2, 'ANODIZING', 4.1, 1319, NULL, 'admin'),
(120, 3, 'HEAT_TREATMENT', 3.65, 20241, NULL, 'admin'),
(120, 4, 'POLISHING', 1.38, 49486, NULL, 'admin'),
(121, 1, 'PRESS 1/3', 299.88, NULL, 59.48, 'admin'),
(121, 2, 'PRESS 2/3', 148.07, NULL, 56.97, 'admin'),
(121, 3, 'PRESS 3/3', 331.81, NULL, 112.83, 'admin'),
(121, 4, 'PAINTING', 6.6, 33447, NULL, 'admin'),
(122, 1, 'POLISHING', 1.1, 2314, NULL, 'admin'),
(122, 2, 'TAPPING', 5.2, 49862, NULL, 'admin'),
(122, 3, 'ANODIZING', 2.07, 43909, NULL, 'admin'),
(122, 4, 'TAPPING', 2.86, 40826, NULL, 'admin'),
(122, 5, 'POLISHING', 2.81, 43934, NULL, 'admin'),
(123, 1, 'PRESS 1/4', 327.27, NULL, 66.92, 'admin'),
(123, 2, 'PRESS 2/4', 207.62, NULL, 118.24, 'admin'),
(123, 3, 'PRESS 3/4', 405.09, NULL, 40.84, 'admin'),
(123, 4, 'PRESS 4/4', 221.61, NULL, 17.81, 'admin'),
(123, 5, 'ASSEMBLY', 3.63, 29947, NULL, 'admin'),
(124, 1, 'PRESS 1/4', 190.64, NULL, 69.6, 'admin'),
(124, 2, 'PRESS 2/4', 490.34, NULL, 109.14, 'admin'),
(124, 3, 'PRESS 3/4', 340.49, NULL, 102.16, 'admin'),
(124, 4, 'PRESS 4/4', 266.07, NULL, 104.89, 'admin'),
(124, 5, 'COATING', 6.8, 2047, NULL, 'admin'),
(124, 6, 'HEAT_TREATMENT', 5.76, 3852, NULL, 'admin'),
(124, 7, 'HEAT_TREATMENT', 2.94, 41268, NULL, 'admin'),
(125, 1, 'PRESS 1/2', 393.15, NULL, 49.79, 'admin'),
(125, 2, 'PRESS 2/2', 460.33, NULL, 96.54, 'admin'),
(125, 3, 'HEAT_TREATMENT', 3.43, 18344, NULL, 'admin'),
(125, 4, 'PLATING', 4.37, 33622, NULL, 'admin'),
(125, 5, 'WELDING', 1.54, 15516, NULL, 'admin'),
(126, 1, 'PRESS 1/4', 336.58, NULL, 114.63, 'admin'),
(126, 2, 'PRESS 2/4', 265.66, NULL, 67.59, 'admin'),
(126, 3, 'PRESS 3/4', 169.3, NULL, 72.32, 'admin'),
(126, 4, 'PRESS 4/4', 390.45, NULL, 101.99, 'admin'),
(126, 5, 'COATING', 5.54, 19493, NULL, 'admin'),
(127, 1, 'PRESS 1/5', 200.55, NULL, 92.94, 'admin'),
(127, 2, 'PRESS 2/5', 250.7, NULL, 59.5, 'admin'),
(127, 3, 'PRESS 3/5', 351.97, NULL, 94.1, 'admin'),
(127, 4, 'PRESS 4/5', 334.37, NULL, 110.39, 'admin'),
(127, 5, 'PRESS 5/5', 402.99, NULL, 38.68, 'admin'),
(127, 6, 'PLATING', 4.9, 41552, NULL, 'admin'),
(127, 7, 'ANODIZING', 3.7, 4069, NULL, 'admin'),
(128, 1, 'PRESS 1/5', 455.25, NULL, 115.03, 'admin'),
(128, 2, 'PRESS 2/5', 172.59, NULL, 89.33, 'admin'),
(128, 3, 'PRESS 3/5', 266.76, NULL, 105.98, 'admin'),
(128, 4, 'PRESS 4/5', 72.84, NULL, 64.28, 'admin'),
(128, 5, 'PRESS 5/5', 453.04, NULL, 106.33, 'admin'),
(128, 6, 'COATING', 2.45, 6470, NULL, 'admin'),
(128, 7, 'POLISHING', 4.08, 27037, NULL, 'admin'),
(128, 8, 'HEAT_TREATMENT', 1.56, 18566, NULL, 'admin'),
(129, 1, 'PAINTING', 1.07, 48309, NULL, 'admin'),
(129, 2, 'POLISHING', 3.31, 43667, NULL, 'admin'),
(129, 3, 'PLATING', 6.81, 44407, NULL, 'admin'),
(129, 4, 'INSPECTION', 3.17, 47909, NULL, 'admin'),
(130, 1, 'PRESS 1/5', 469.33, NULL, 87.23, 'admin'),
(130, 2, 'PRESS 2/5', 497.31, NULL, 53.53, 'admin'),
(130, 3, 'PRESS 3/5', 163.52, NULL, 36.77, 'admin'),
(130, 4, 'PRESS 4/5', 410.29, NULL, 59.61, 'admin'),
(130, 5, 'PRESS 5/5', 72.45, NULL, 106.6, 'admin'),
(130, 6, 'PAINTING', 2.08, 7572, NULL, 'admin'),
(130, 7, 'PAINTING', 1.9, 26762, NULL, 'admin'),
(130, 8, 'COATING', 6.07, 36395, NULL, 'admin'),
(131, 1, 'PLATING', 4.17, 17302, NULL, 'admin'),
(131, 2, 'PLATING', 2.59, 17355, NULL, 'admin'),
(131, 3, 'COATING', 1.48, 12440, NULL, 'admin'),
(132, 1, 'PRESS 1/2', 279.53, NULL, 59.01, 'admin'),
(132, 2, 'PRESS 2/2', 377.05, NULL, 23.4, 'admin'),
(132, 3, 'COATING', 2.03, 42540, NULL, 'admin'),
(132, 4, 'COATING', 1.78, 2104, NULL, 'admin'),
(132, 5, 'ANODIZING', 1.86, 4616, NULL, 'admin'),
(133, 1, 'PRESS 1/3', 249.55, NULL, 13.35, 'admin'),
(133, 2, 'PRESS 2/3', 422.63, NULL, 83.13, 'admin'),
(133, 3, 'PRESS 3/3', 164.43, NULL, 76.95, 'admin'),
(133, 4, 'WELDING', 2.88, 41213, NULL, 'admin'),
(133, 5, 'PLATING', 5.66, 23194, NULL, 'admin'),
(133, 6, 'ANODIZING', 1.56, 32930, NULL, 'admin'),
(134, 1, 'HEAT_TREATMENT', 3.24, 15490, NULL, 'admin'),
(134, 2, 'PLATING', 4.69, 26396, NULL, 'admin'),
(134, 3, 'PAINTING', 1.72, 3510, NULL, 'admin'),
(134, 4, 'WELDING', 4.38, 2820, NULL, 'admin'),
(135, 1, 'ASSEMBLY', 5.46, 17110, NULL, 'admin'),
(135, 2, 'ANODIZING', 4.71, 36112, NULL, 'admin'),
(135, 3, 'TAPPING', 5.01, 5050, NULL, 'admin'),
(136, 1, 'PRESS 1/2', 273.23, NULL, 38.39, 'admin'),
(136, 2, 'PRESS 2/2', 162.15, NULL, 21.63, 'admin'),
(136, 3, 'HEAT_TREATMENT', 4.06, 10012, NULL, 'admin'),
(136, 4, 'PAINTING', 3.2, 31444, NULL, 'admin'),
(137, 1, 'PRESS 1/5', 74.34, NULL, 90.49, 'admin'),
(137, 2, 'PRESS 2/5', 154.48, NULL, 92.05, 'admin'),
(137, 3, 'PRESS 3/5', 311.92, NULL, 18.32, 'admin'),
(137, 4, 'PRESS 4/5', 445.56, NULL, 103.65, 'admin'),
(137, 5, 'PRESS 5/5', 331.34, NULL, 54.24, 'admin'),
(137, 6, 'ASSEMBLY', 2.65, 12661, NULL, 'admin'),
(137, 7, 'POLISHING', 6.97, 6802, NULL, 'admin'),
(138, 1, 'INSPECTION', 6.3, 28745, NULL, 'admin'),
(138, 2, 'POLISHING', 6.14, 46971, NULL, 'admin'),
(139, 1, 'INSPECTION', 2.21, 44894, NULL, 'admin'),
(139, 2, 'ANODIZING', 2.73, 20148, NULL, 'admin'),
(139, 3, 'ASSEMBLY', 4.42, 9854, NULL, 'admin'),
(139, 4, 'PAINTING', 1.07, 40133, NULL, 'admin'),
(140, 1, 'PRESS 1/3', 366.19, NULL, 76.26, 'admin'),
(140, 2, 'PRESS 2/3', 102.01, NULL, 86.39, 'admin'),
(140, 3, 'PRESS 3/3', 144.32, NULL, 119.08, 'admin'),
(140, 4, 'WELDING', 3.2, 28164, NULL, 'admin'),
(140, 5, 'COATING', 4.89, 12331, NULL, 'admin'),
(141, 1, 'TAPPING', 1.5, 19542, NULL, 'admin'),
(141, 2, 'PAINTING', 3.01, 47320, NULL, 'admin'),
(141, 3, 'TAPPING', 6.62, 23340, NULL, 'admin'),
(142, 1, 'PRESS 1/5', 297.75, NULL, 119.12, 'admin'),
(142, 2, 'PRESS 2/5', 159.73, NULL, 48.6, 'admin'),
(142, 3, 'PRESS 3/5', 427.13, NULL, 65.69, 'admin'),
(142, 4, 'PRESS 4/5', 237.63, NULL, 102.39, 'admin'),
(142, 5, 'PRESS 5/5', 55.24, NULL, 107.38, 'admin'),
(142, 6, 'TAPPING', 2.01, 36096, NULL, 'admin'),
(142, 7, 'INSPECTION', 1.69, 28992, NULL, 'admin'),
(142, 8, 'INSPECTION', 3.26, 14024, NULL, 'admin'),
(143, 1, 'PLATING', 3.67, 15613, NULL, 'admin'),
(143, 2, 'COATING', 5.07, 1119, NULL, 'admin'),
(143, 3, 'COATING', 5.16, 37408, NULL, 'admin'),
(143, 4, 'COATING', 3.04, 32601, NULL, 'admin'),
(143, 5, 'PLATING', 4.13, 43038, NULL, 'admin'),
(144, 1, 'PRESS 1/4', 368.79, NULL, 119.56, 'admin'),
(144, 2, 'PRESS 2/4', 72.78, NULL, 72.04, 'admin'),
(144, 3, 'PRESS 3/4', 85.59, NULL, 26.76, 'admin'),
(144, 4, 'PRESS 4/4', 408.22, NULL, 109.51, 'admin'),
(144, 5, 'COATING', 6.54, 44337, NULL, 'admin'),
(144, 6, 'WELDING', 1.14, 8615, NULL, 'admin'),
(144, 7, 'ASSEMBLY', 3.78, 17447, NULL, 'admin'),
(145, 1, 'PRESS 1/5', 275.62, NULL, 58.94, 'admin'),
(145, 2, 'PRESS 2/5', 203.78, NULL, 102.46, 'admin'),
(145, 3, 'PRESS 3/5', 215.78, NULL, 45.53, 'admin'),
(145, 4, 'PRESS 4/5', 303.63, NULL, 25.63, 'admin'),
(145, 5, 'PRESS 5/5', 494.96, NULL, 77.37, 'admin'),
(145, 6, 'WELDING', 3.87, 45769, NULL, 'admin'),
(145, 7, 'PLATING', 3.22, 11913, NULL, 'admin'),
(146, 1, 'PRESS 1/5', 325.57, NULL, 17.58, 'admin'),
(146, 2, 'PRESS 2/5', 463.55, NULL, 62.49, 'admin'),
(146, 3, 'PRESS 3/5', 187.26, NULL, 27.86, 'admin'),
(146, 4, 'PRESS 4/5', 275.22, NULL, 103.43, 'admin'),
(146, 5, 'PRESS 5/5', 223.63, NULL, 63.26, 'admin'),
(146, 6, 'PLATING', 5.19, 47018, NULL, 'admin'),
(147, 1, 'PRESS 1/4', 221.41, NULL, 88.29, 'admin'),
(147, 2, 'PRESS 2/4', 114.36, NULL, 48.95, 'admin'),
(147, 3, 'PRESS 3/4', 134.41, NULL, 12.5, 'admin'),
(147, 4, 'PRESS 4/4', 254.33, NULL, 30.78, 'admin'),
(147, 5, 'TAPPING', 4.65, 22727, NULL, 'admin'),
(148, 1, 'PRESS 1/5', 348.87, NULL, 119.17, 'admin'),
(148, 2, 'PRESS 2/5', 413.9, NULL, 43.15, 'admin'),
(148, 3, 'PRESS 3/5', 73.65, NULL, 101.78, 'admin'),
(148, 4, 'PRESS 4/5', 321.63, NULL, 42.91, 'admin'),
(148, 5, 'PRESS 5/5', 275.83, NULL, 54.48, 'admin'),
(148, 6, 'COATING', 6.73, 30434, NULL, 'admin'),
(148, 7, 'POLISHING', 6.96, 15834, NULL, 'admin'),
(148, 8, 'PLATING', 5.24, 46528, NULL, 'admin'),
(149, 1, 'PRESS 1/3', 380.32, NULL, 96.03, 'admin'),
(149, 2, 'PRESS 2/3', 497.78, NULL, 23.26, 'admin'),
(149, 3, 'PRESS 3/3', 196.88, NULL, 97.83, 'admin'),
(149, 4, 'ASSEMBLY', 6.33, 21396, NULL, 'admin'),
(149, 5, 'INSPECTION', 3.84, 2526, NULL, 'admin'),
(150, 1, 'INSPECTION', 4.58, 46733, NULL, 'admin'),
(150, 2, 'WELDING', 4.01, 35956, NULL, 'admin'),
(151, 1, 'PRESS 1/4', 61.03, NULL, 20.91, 'admin'),
(151, 2, 'PRESS 2/4', 224.51, NULL, 83.4, 'admin'),
(151, 3, 'PRESS 3/4', 202.05, NULL, 22.37, 'admin'),
(151, 4, 'PRESS 4/4', 70.07, NULL, 60.64, 'admin'),
(151, 5, 'WELDING', 5.42, 6353, NULL, 'admin'),
(152, 1, 'PRESS 1/2', 134.64, NULL, 81.54, 'admin'),
(152, 2, 'PRESS 2/2', 188.93, NULL, 11.68, 'admin'),
(152, 3, 'ASSEMBLY', 3.72, 11318, NULL, 'admin'),
(152, 4, 'WELDING', 4.35, 14242, NULL, 'admin'),
(153, 1, 'PRESS 1/4', 344.71, NULL, 15.83, 'admin'),
(153, 2, 'PRESS 2/4', 417.18, NULL, 85.98, 'admin'),
(153, 3, 'PRESS 3/4', 341.37, NULL, 30.93, 'admin'),
(153, 4, 'PRESS 4/4', 487.83, NULL, 76.55, 'admin'),
(153, 5, 'POLISHING', 6.07, 45377, NULL, 'admin'),
(153, 6, 'PAINTING', 6.1, 44690, NULL, 'admin'),
(153, 7, 'ANODIZING', 3.71, 34101, NULL, 'admin'),
(154, 1, 'HEAT_TREATMENT', 5.41, 15711, NULL, 'admin'),
(154, 2, 'ASSEMBLY', 1.73, 31103, NULL, 'admin'),
(154, 3, 'ANODIZING', 5.24, 19643, NULL, 'admin'),
(154, 4, 'HEAT_TREATMENT', 4.0, 1759, NULL, 'admin'),
(155, 1, 'PRESS 1/2', 147.72, NULL, 101.32, 'admin'),
(155, 2, 'PRESS 2/2', 341.13, NULL, 24.95, 'admin'),
(155, 3, 'PAINTING', 3.18, 5482, NULL, 'admin'),
(155, 4, 'WELDING', 1.55, 32983, NULL, 'admin'),
(155, 5, 'HEAT_TREATMENT', 5.24, 39963, NULL, 'admin'),
(156, 1, 'PLATING', 4.32, 27924, NULL, 'admin'),
(156, 2, 'POLISHING', 6.35, 25365, NULL, 'admin'),
(156, 3, 'ANODIZING', 3.83, 35059, NULL, 'admin'),
(156, 4, 'INSPECTION', 6.36, 11111, NULL, 'admin'),
(157, 1, 'PRESS 1/2', 65.11, NULL, 30.4, 'admin'),
(157, 2, 'PRESS 2/2', 141.81, NULL, 34.1, 'admin'),
(157, 3, 'PLATING', 1.67, 20024, NULL, 'admin'),
(158, 1, 'PRESS 1/2', 300.79, NULL, 118.73, 'admin'),
(158, 2, 'PRESS 2/2', 51.27, NULL, 47.25, 'admin'),
(158, 3, 'PAINTING', 4.7, 14206, NULL, 'admin'),
(158, 4, 'TAPPING', 3.94, 24097, NULL, 'admin'),
(158, 5, 'COATING', 5.3, 45488, NULL, 'admin'),
(159, 1, 'PRESS 1/3', 61.08, NULL, 20.0, 'admin'),
(159, 2, 'PRESS 2/3', 231.19, NULL, 32.02, 'admin'),
(159, 3, 'PRESS 3/3', 168.7, NULL, 102.76, 'admin'),
(159, 4, 'PAINTING', 5.33, 19502, NULL, 'admin'),
(159, 5, 'INSPECTION', 5.55, 33742, NULL, 'admin'),
(159, 6, 'ANODIZING', 3.16, 35239, NULL, 'admin'),
(160, 1, 'WELDING', 2.71, 9380, NULL, 'admin'),
(160, 2, 'WELDING', 5.85, 15232, NULL, 'admin'),
(160, 3, 'WELDING', 2.56, 30430, NULL, 'admin'),
(161, 1, 'PRESS 1/3', 159.61, NULL, 84.53, 'admin'),
(161, 2, 'PRESS 2/3', 302.53, NULL, 86.5, 'admin'),
(161, 3, 'PRESS 3/3', 482.36, NULL, 54.05, 'admin'),
(161, 4, 'ASSEMBLY', 3.2, 11832, NULL, 'admin'),
(162, 1, 'PRESS 1/2', 104.23, NULL, 18.03, 'admin'),
(162, 2, 'PRESS 2/2', 248.92, NULL, 69.02, 'admin'),
(162, 3, 'HEAT_TREATMENT', 2.4, 27211, NULL, 'admin'),
(162, 4, 'TAPPING', 4.43, 3208, NULL, 'admin'),
(162, 5, 'WELDING', 5.59, 42269, NULL, 'admin'),
(163, 1, 'WELDING', 1.2, 12981, NULL, 'admin'),
(163, 2, 'COATING', 6.12, 1154, NULL, 'admin'),
(163, 3, 'PAINTING', 3.43, 42839, NULL, 'admin'),
(163, 4, 'HEAT_TREATMENT', 5.71, 3009, NULL, 'admin'),
(163, 5, 'ANODIZING', 3.37, 1427, NULL, 'admin'),
(164, 1, 'HEAT_TREATMENT', 1.21, 28829, NULL, 'admin'),
(164, 2, 'INSPECTION', 1.81, 45253, NULL, 'admin'),
(164, 3, 'TAPPING', 4.41, 31414, NULL, 'admin'),
(165, 1, 'PRESS 1/3', 183.41, NULL, 68.64, 'admin'),
(165, 2, 'PRESS 2/3', 74.41, NULL, 67.2, 'admin'),
(165, 3, 'PRESS 3/3', 429.5, NULL, 100.7, 'admin'),
(165, 4, 'COATING', 1.48, 46316, NULL, 'admin'),
(166, 1, 'WELDING', 5.99, 30986, NULL, 'admin'),
(166, 2, 'INSPECTION', 6.67, 39050, NULL, 'admin'),
(166, 3, 'HEAT_TREATMENT', 2.55, 24088, NULL, 'admin'),
(166, 4, 'HEAT_TREATMENT', 5.66, 2196, NULL, 'admin'),
(166, 5, 'HEAT_TREATMENT', 1.16, 22919, NULL, 'admin'),
(167, 1, 'PRESS 1/4', 217.06, NULL, 90.9, 'admin'),
(167, 2, 'PRESS 2/4', 466.99, NULL, 107.35, 'admin'),
(167, 3, 'PRESS 3/4', 381.37, NULL, 108.58, 'admin'),
(167, 4, 'PRESS 4/4', 82.67, NULL, 39.66, 'admin'),
(167, 5, 'PAINTING', 6.84, 35612, NULL, 'admin'),
(167, 6, 'ASSEMBLY', 4.24, 35486, NULL, 'admin'),
(168, 1, 'PRESS 1/2', 252.89, NULL, 18.4, 'admin'),
(168, 2, 'PRESS 2/2', 291.18, NULL, 59.96, 'admin'),
(168, 3, 'ASSEMBLY', 6.06, 39446, NULL, 'admin'),
(168, 4, 'ASSEMBLY', 6.64, 17214, NULL, 'admin'),
(168, 5, 'PLATING', 4.88, 43941, NULL, 'admin'),
(169, 1, 'PRESS 1/3', 388.5, NULL, 53.03, 'admin'),
(169, 2, 'PRESS 2/3', 414.27, NULL, 113.5, 'admin'),
(169, 3, 'PRESS 3/3', 349.95, NULL, 44.76, 'admin'),
(169, 4, 'PAINTING', 6.43, 32431, NULL, 'admin'),
(169, 5, 'POLISHING', 6.66, 42012, NULL, 'admin'),
(169, 6, 'PLATING', 2.78, 22221, NULL, 'admin'),
(170, 1, 'PRESS 1/2', 213.49, NULL, 76.33, 'admin'),
(170, 2, 'PRESS 2/2', 311.0, NULL, 94.92, 'admin'),
(170, 3, 'COATING', 2.63, 46923, NULL, 'admin'),
(170, 4, 'ASSEMBLY', 4.28, 38144, NULL, 'admin'),
(171, 1, 'TAPPING', 1.93, 34303, NULL, 'admin'),
(171, 2, 'PLATING', 6.38, 4289, NULL, 'admin'),
(171, 3, 'TAPPING', 6.33, 49558, NULL, 'admin'),
(171, 4, 'PLATING', 4.07, 44741, NULL, 'admin'),
(171, 5, 'ASSEMBLY', 6.27, 47277, NULL, 'admin'),
(172, 1, 'PRESS 1/5', 223.86, NULL, 46.16, 'admin'),
(172, 2, 'PRESS 2/5', 496.36, NULL, 116.98, 'admin'),
(172, 3, 'PRESS 3/5', 128.8, NULL, 14.95, 'admin'),
(172, 4, 'PRESS 4/5', 192.67, NULL, 39.18, 'admin'),
(172, 5, 'PRESS 5/5', 408.88, NULL, 26.29, 'admin'),
(172, 6, 'POLISHING', 1.18, 7557, NULL, 'admin'),
(172, 7, 'HEAT_TREATMENT', 5.61, 41434, NULL, 'admin'),
(173, 1, 'TAPPING', 4.93, 1416, NULL, 'admin'),
(173, 2, 'INSPECTION', 1.28, 28140, NULL, 'admin'),
(173, 3, 'TAPPING', 5.79, 45416, NULL, 'admin'),
(173, 4, 'ANODIZING', 5.51, 35018, NULL, 'admin'),
(173, 5, 'POLISHING', 4.01, 21759, NULL, 'admin'),
(174, 1, 'PRESS 1/4', 219.33, NULL, 70.14, 'admin');

-- ================================================
-- PO (発注) - 150 records (delivery dates 30-60 days from today)
-- ================================================
INSERT INTO `po` (`po_number`, `product_id`, `delivery_date`, `date_receive_po`, `po_quantity`, `user`) VALUES
('PO-2025-00001', 1, '2025-12-28', '2025-11-05', 34161, 'admin'),
('PO-2025-00002', 2, '2025-12-14', '2025-11-09', 36389, 'admin'),
('PO-2025-00003', 3, '2025-12-13', '2025-11-07', 47602, 'admin'),
('PO-2025-00004', 4, '2025-12-15', '2025-11-11', 36793, 'admin'),
('PO-2025-00005', 5, '2025-12-19', '2025-11-06', 30630, 'admin'),
('PO-2025-00006', 6, '2025-12-20', '2025-11-04', 3798, 'admin'),
('PO-2025-00007', 7, '2026-01-02', '2025-11-09', 41386, 'admin'),
('PO-2025-00008', 8, '2025-12-15', '2025-11-10', 40201, 'admin'),
('PO-2025-00009', 9, '2025-12-11', '2025-11-08', 5288, 'admin'),
('PO-2025-00010', 10, '2026-01-04', '2025-11-04', 4517, 'admin'),
('PO-2025-00011', 11, '2026-01-08', '2025-11-11', 29950, 'admin'),
('PO-2025-00012', 12, '2025-12-29', '2025-11-09', 33541, 'admin'),
('PO-2025-00013', 13, '2026-01-03', '2025-11-11', 8703, 'admin'),
('PO-2025-00014', 14, '2025-12-29', '2025-11-07', 3059, 'admin'),
('PO-2025-00015', 15, '2025-12-30', '2025-11-05', 42556, 'admin'),
('PO-2025-00016', 16, '2025-12-24', '2025-11-08', 21036, 'admin'),
('PO-2025-00017', 17, '2026-01-04', '2025-11-05', 28572, 'admin'),
('PO-2025-00018', 18, '2026-01-07', '2025-11-06', 43572, 'admin'),
('PO-2025-00019', 19, '2026-01-09', '2025-11-04', 40483, 'admin'),
('PO-2025-00020', 20, '2025-12-23', '2025-11-10', 19912, 'admin'),
('PO-2025-00021', 21, '2025-12-25', '2025-11-10', 14495, 'admin'),
('PO-2025-00022', 22, '2025-12-13', '2025-11-07', 38342, 'admin'),
('PO-2025-00023', 23, '2026-01-08', '2025-11-05', 34415, 'admin'),
('PO-2025-00024', 24, '2026-01-03', '2025-11-09', 40179, 'admin'),
('PO-2025-00025', 25, '2026-01-08', '2025-11-07', 10537, 'admin'),
('PO-2025-00026', 26, '2025-12-24', '2025-11-11', 17315, 'admin'),
('PO-2025-00027', 27, '2025-12-11', '2025-11-05', 49121, 'admin'),
('PO-2025-00028', 28, '2025-12-26', '2025-11-08', 48808, 'admin'),
('PO-2025-00029', 29, '2026-01-08', '2025-11-04', 31545, 'admin'),
('PO-2025-00030', 30, '2026-01-01', '2025-11-09', 40929, 'admin'),
('PO-2025-00031', 31, '2025-12-17', '2025-11-06', 47814, 'admin'),
('PO-2025-00032', 32, '2025-12-17', '2025-11-10', 6502, 'admin'),
('PO-2025-00033', 33, '2025-12-21', '2025-11-05', 37305, 'admin'),
('PO-2025-00034', 34, '2025-12-11', '2025-11-05', 15052, 'admin'),
('PO-2025-00035', 35, '2025-12-17', '2025-11-04', 28891, 'admin'),
('PO-2025-00036', 36, '2025-12-14', '2025-11-10', 41940, 'admin'),
('PO-2025-00037', 37, '2025-12-24', '2025-11-06', 16452, 'admin'),
('PO-2025-00038', 38, '2025-12-21', '2025-11-08', 1550, 'admin'),
('PO-2025-00039', 39, '2025-12-12', '2025-11-08', 12185, 'admin'),
('PO-2025-00040', 40, '2025-12-13', '2025-11-07', 9704, 'admin'),
('PO-2025-00041', 41, '2026-01-08', '2025-11-06', 36738, 'admin'),
('PO-2025-00042', 42, '2025-12-30', '2025-11-11', 32056, 'admin'),
('PO-2025-00043', 43, '2025-12-15', '2025-11-09', 4849, 'admin'),
('PO-2025-00044', 44, '2026-01-03', '2025-11-08', 30379, 'admin'),
('PO-2025-00045', 45, '2025-12-29', '2025-11-10', 38126, 'admin'),
('PO-2025-00046', 46, '2025-12-30', '2025-11-07', 28275, 'admin'),
('PO-2025-00047', 47, '2026-01-03', '2025-11-07', 40632, 'admin'),
('PO-2025-00048', 48, '2025-12-18', '2025-11-09', 12457, 'admin'),
('PO-2025-00049', 49, '2026-01-05', '2025-11-11', 41254, 'admin'),
('PO-2025-00050', 50, '2025-12-22', '2025-11-08', 25050, 'admin'),
('PO-2025-00051', 51, '2025-12-21', '2025-11-07', 36956, 'admin'),
('PO-2025-00052', 52, '2025-12-23', '2025-11-08', 47665, 'admin'),
('PO-2025-00053', 53, '2026-01-06', '2025-11-04', 1049, 'admin'),
('PO-2025-00054', 54, '2025-12-15', '2025-11-11', 6104, 'admin'),
('PO-2025-00055', 55, '2025-12-31', '2025-11-08', 10156, 'admin'),
('PO-2025-00056', 56, '2025-12-20', '2025-11-11', 25473, 'admin'),
('PO-2025-00057', 57, '2025-12-18', '2025-11-05', 35689, 'admin'),
('PO-2025-00058', 58, '2026-01-03', '2025-11-07', 48451, 'admin'),
('PO-2025-00059', 59, '2025-12-25', '2025-11-05', 13509, 'admin'),
('PO-2025-00060', 60, '2026-01-05', '2025-11-05', 30496, 'admin'),
('PO-2025-00061', 61, '2025-12-17', '2025-11-09', 2988, 'admin'),
('PO-2025-00062', 62, '2026-01-03', '2025-11-10', 36661, 'admin'),
('PO-2025-00063', 63, '2025-12-18', '2025-11-06', 11149, 'admin'),
('PO-2025-00064', 64, '2026-01-04', '2025-11-11', 26419, 'admin'),
('PO-2025-00065', 65, '2025-12-31', '2025-11-04', 12821, 'admin'),
('PO-2025-00066', 66, '2026-01-08', '2025-11-10', 23490, 'admin'),
('PO-2025-00067', 67, '2026-01-09', '2025-11-10', 19632, 'admin'),
('PO-2025-00068', 68, '2025-12-11', '2025-11-09', 3350, 'admin'),
('PO-2025-00069', 69, '2025-12-27', '2025-11-10', 35233, 'admin'),
('PO-2025-00070', 70, '2026-01-09', '2025-11-11', 21111, 'admin'),
('PO-2025-00071', 71, '2026-01-01', '2025-11-11', 16031, 'admin'),
('PO-2025-00072', 72, '2026-01-10', '2025-11-05', 1502, 'admin'),
('PO-2025-00073', 73, '2026-01-07', '2025-11-05', 7081, 'admin'),
('PO-2025-00074', 74, '2025-12-14', '2025-11-09', 29706, 'admin'),
('PO-2025-00075', 75, '2025-12-28', '2025-11-06', 17169, 'admin'),
('PO-2025-00076', 76, '2025-12-25', '2025-11-08', 43213, 'admin'),
('PO-2025-00077', 77, '2025-12-22', '2025-11-07', 36872, 'admin'),
('PO-2025-00078', 78, '2025-12-13', '2025-11-10', 25286, 'admin'),
('PO-2025-00079', 79, '2026-01-08', '2025-11-09', 26956, 'admin'),
('PO-2025-00080', 80, '2026-01-04', '2025-11-06', 20179, 'admin'),
('PO-2025-00081', 81, '2025-12-15', '2025-11-11', 27961, 'admin'),
('PO-2025-00082', 82, '2026-01-03', '2025-11-11', 44587, 'admin'),
('PO-2025-00083', 83, '2025-12-29', '2025-11-04', 48561, 'admin'),
('PO-2025-00084', 84, '2025-12-29', '2025-11-05', 29509, 'admin'),
('PO-2025-00085', 85, '2026-01-09', '2025-11-05', 2794, 'admin'),
('PO-2025-00086', 86, '2025-12-24', '2025-11-04', 29728, 'admin'),
('PO-2025-00087', 87, '2025-12-17', '2025-11-08', 3851, 'admin'),
('PO-2025-00088', 88, '2026-01-02', '2025-11-09', 44498, 'admin'),
('PO-2025-00089', 89, '2026-01-03', '2025-11-06', 21345, 'admin'),
('PO-2025-00090', 90, '2025-12-11', '2025-11-11', 4506, 'admin'),
('PO-2025-00091', 91, '2025-12-13', '2025-11-05', 42405, 'admin'),
('PO-2025-00092', 92, '2025-12-19', '2025-11-06', 27566, 'admin'),
('PO-2025-00093', 93, '2026-01-10', '2025-11-05', 39297, 'admin'),
('PO-2025-00094', 94, '2025-12-20', '2025-11-06', 41697, 'admin'),
('PO-2025-00095', 95, '2025-12-27', '2025-11-11', 24240, 'admin'),
('PO-2025-00096', 96, '2025-12-29', '2025-11-04', 28946, 'admin'),
('PO-2025-00097', 97, '2026-01-07', '2025-11-04', 27644, 'admin'),
('PO-2025-00098', 98, '2025-12-14', '2025-11-10', 49569, 'admin'),
('PO-2025-00099', 99, '2026-01-03', '2025-11-08', 49574, 'admin'),
('PO-2025-00100', 100, '2026-01-05', '2025-11-05', 8715, 'admin'),
('PO-2025-00101', 101, '2026-01-05', '2025-11-09', 31396, 'admin'),
('PO-2025-00102', 102, '2026-01-08', '2025-11-09', 25912, 'admin'),
('PO-2025-00103', 103, '2026-01-01', '2025-11-06', 24402, 'admin'),
('PO-2025-00104', 104, '2025-12-26', '2025-11-04', 13460, 'admin'),
('PO-2025-00105', 105, '2025-12-28', '2025-11-04', 9607, 'admin'),
('PO-2025-00106', 106, '2025-12-19', '2025-11-07', 12835, 'admin'),
('PO-2025-00107', 107, '2026-01-07', '2025-11-08', 36282, 'admin'),
('PO-2025-00108', 108, '2025-12-29', '2025-11-09', 47053, 'admin'),
('PO-2025-00109', 109, '2026-01-05', '2025-11-06', 33556, 'admin'),
('PO-2025-00110', 110, '2026-01-06', '2025-11-06', 36120, 'admin'),
('PO-2025-00111', 111, '2026-01-04', '2025-11-07', 21987, 'admin'),
('PO-2025-00112', 112, '2026-01-09', '2025-11-06', 44547, 'admin'),
('PO-2025-00113', 113, '2025-12-31', '2025-11-08', 41730, 'admin'),
('PO-2025-00114', 114, '2025-12-17', '2025-11-04', 39998, 'admin'),
('PO-2025-00115', 115, '2025-12-23', '2025-11-06', 3432, 'admin'),
('PO-2025-00116', 116, '2026-01-07', '2025-11-04', 8481, 'admin'),
('PO-2025-00117', 117, '2026-01-09', '2025-11-11', 41163, 'admin'),
('PO-2025-00118', 118, '2025-12-22', '2025-11-10', 38344, 'admin'),
('PO-2025-00119', 119, '2025-12-21', '2025-11-07', 17086, 'admin'),
('PO-2025-00120', 120, '2025-12-25', '2025-11-11', 46036, 'admin'),
('PO-2025-00121', 121, '2025-12-11', '2025-11-07', 32828, 'admin'),
('PO-2025-00122', 122, '2026-01-02', '2025-11-10', 44125, 'admin'),
('PO-2025-00123', 123, '2025-12-27', '2025-11-08', 10930, 'admin'),
('PO-2025-00124', 124, '2025-12-31', '2025-11-05', 28884, 'admin'),
('PO-2025-00125', 125, '2025-12-29', '2025-11-10', 31164, 'admin'),
('PO-2025-00126', 126, '2025-12-14', '2025-11-06', 42448, 'admin'),
('PO-2025-00127', 127, '2025-12-25', '2025-11-09', 34277, 'admin'),
('PO-2025-00128', 128, '2025-12-23', '2025-11-10', 28519, 'admin'),
('PO-2025-00129', 129, '2025-12-16', '2025-11-09', 22182, 'admin'),
('PO-2025-00130', 130, '2026-01-02', '2025-11-05', 6144, 'admin'),
('PO-2025-00131', 131, '2026-01-01', '2025-11-09', 10343, 'admin'),
('PO-2025-00132', 132, '2026-01-09', '2025-11-07', 45652, 'admin'),
('PO-2025-00133', 133, '2025-12-25', '2025-11-05', 4677, 'admin'),
('PO-2025-00134', 134, '2026-01-01', '2025-11-07', 46817, 'admin'),
('PO-2025-00135', 135, '2025-12-12', '2025-11-09', 31339, 'admin'),
('PO-2025-00136', 136, '2025-12-27', '2025-11-07', 14798, 'admin'),
('PO-2025-00137', 137, '2025-12-15', '2025-11-09', 33881, 'admin'),
('PO-2025-00138', 138, '2025-12-11', '2025-11-09', 46099, 'admin'),
('PO-2025-00139', 139, '2025-12-18', '2025-11-04', 15702, 'admin'),
('PO-2025-00140', 140, '2025-12-23', '2025-11-11', 39258, 'admin'),
('PO-2025-00141', 141, '2025-12-18', '2025-11-10', 29103, 'admin'),
('PO-2025-00142', 142, '2025-12-11', '2025-11-09', 29383, 'admin'),
('PO-2025-00143', 143, '2026-01-01', '2025-11-04', 16196, 'admin'),
('PO-2025-00144', 144, '2026-01-02', '2025-11-11', 17303, 'admin'),
('PO-2025-00145', 145, '2025-12-13', '2025-11-08', 21389, 'admin'),
('PO-2025-00146', 146, '2025-12-11', '2025-11-07', 31802, 'admin'),
('PO-2025-00147', 147, '2026-01-05', '2025-11-08', 3906, 'admin'),
('PO-2025-00148', 148, '2026-01-07', '2025-11-09', 23544, 'admin'),
('PO-2025-00149', 149, '2025-12-29', '2025-11-11', 1600, 'admin'),
('PO-2025-00150', 150, '2025-12-18', '2025-11-07', 33586, 'admin');

-- ================================================
-- Lot (ロット) - 200 records
-- ================================================
INSERT INTO `lot` (`lot_number`, `product_id`, `date_created`, `user`) VALUES
('LOT-2025-00001', 1, '2025-11-11', 'admin'),
('LOT-2025-00002', 2, '2025-12-31', 'admin'),
('LOT-2025-00003', 3, '2025-11-25', 'admin'),
('LOT-2025-00004', 4, '2025-11-01', 'admin'),
('LOT-2025-00005', 5, '2025-12-02', 'admin'),
('LOT-2025-00006', 6, '2025-11-29', 'admin'),
('LOT-2025-00007', 7, '2025-12-12', 'admin'),
('LOT-2025-00008', 8, '2025-11-18', 'admin'),
('LOT-2025-00009', 9, '2025-11-04', 'admin'),
('LOT-2025-00010', 10, '2025-11-23', 'admin'),
('LOT-2025-00011', 11, '2025-12-08', 'admin'),
('LOT-2025-00012', 12, '2025-11-29', 'admin'),
('LOT-2025-00013', 13, '2025-11-27', 'admin'),
('LOT-2025-00014', 14, '2025-12-10', 'admin'),
('LOT-2025-00015', 15, '2025-12-27', 'admin'),
('LOT-2025-00016', 16, '2025-12-11', 'admin'),
('LOT-2025-00017', 17, '2025-12-30', 'admin'),
('LOT-2025-00018', 18, '2025-12-11', 'admin'),
('LOT-2025-00019', 19, '2025-11-05', 'admin'),
('LOT-2025-00020', 20, '2025-12-04', 'admin'),
('LOT-2025-00021', 21, '2025-12-03', 'admin'),
('LOT-2025-00022', 22, '2025-12-22', 'admin'),
('LOT-2025-00023', 23, '2025-12-29', 'admin'),
('LOT-2025-00024', 24, '2025-12-22', 'admin'),
('LOT-2025-00025', 25, '2025-12-09', 'admin'),
('LOT-2025-00026', 26, '2025-11-18', 'admin'),
('LOT-2025-00027', 27, '2025-11-23', 'admin'),
('LOT-2025-00028', 28, '2025-11-03', 'admin'),
('LOT-2025-00029', 29, '2025-12-10', 'admin'),
('LOT-2025-00030', 30, '2025-12-28', 'admin'),
('LOT-2025-00031', 31, '2025-12-29', 'admin'),
('LOT-2025-00032', 32, '2025-12-25', 'admin'),
('LOT-2025-00033', 33, '2025-12-25', 'admin'),
('LOT-2025-00034', 34, '2025-12-12', 'admin'),
('LOT-2025-00035', 35, '2025-12-24', 'admin'),
('LOT-2025-00036', 36, '2025-11-23', 'admin'),
('LOT-2025-00037', 37, '2025-11-13', 'admin'),
('LOT-2025-00038', 38, '2025-12-25', 'admin'),
('LOT-2025-00039', 39, '2025-11-12', 'admin'),
('LOT-2025-00040', 40, '2025-12-24', 'admin'),
('LOT-2025-00041', 41, '2025-12-23', 'admin'),
('LOT-2025-00042', 42, '2025-12-16', 'admin'),
('LOT-2025-00043', 43, '2025-11-24', 'admin'),
('LOT-2025-00044', 44, '2025-12-04', 'admin'),
('LOT-2025-00045', 45, '2025-12-06', 'admin'),
('LOT-2025-00046', 46, '2025-11-21', 'admin'),
('LOT-2025-00047', 47, '2025-11-25', 'admin'),
('LOT-2025-00048', 48, '2025-11-15', 'admin'),
('LOT-2025-00049', 49, '2025-11-13', 'admin'),
('LOT-2025-00050', 50, '2025-12-11', 'admin'),
('LOT-2025-00051', 51, '2025-11-04', 'admin'),
('LOT-2025-00052', 52, '2025-12-20', 'admin'),
('LOT-2025-00053', 53, '2025-11-25', 'admin'),
('LOT-2025-00054', 54, '2025-11-12', 'admin'),
('LOT-2025-00055', 55, '2025-11-10', 'admin'),
('LOT-2025-00056', 56, '2025-12-29', 'admin'),
('LOT-2025-00057', 57, '2025-11-05', 'admin'),
('LOT-2025-00058', 58, '2025-11-25', 'admin'),
('LOT-2025-00059', 59, '2025-11-03', 'admin'),
('LOT-2025-00060', 60, '2025-11-19', 'admin'),
('LOT-2025-00061', 61, '2025-11-17', 'admin'),
('LOT-2025-00062', 62, '2025-11-11', 'admin'),
('LOT-2025-00063', 63, '2025-12-22', 'admin'),
('LOT-2025-00064', 64, '2025-12-24', 'admin'),
('LOT-2025-00065', 65, '2025-12-12', 'admin'),
('LOT-2025-00066', 66, '2025-11-21', 'admin'),
('LOT-2025-00067', 67, '2025-11-29', 'admin'),
('LOT-2025-00068', 68, '2025-11-29', 'admin'),
('LOT-2025-00069', 69, '2025-11-18', 'admin'),
('LOT-2025-00070', 70, '2025-12-10', 'admin'),
('LOT-2025-00071', 71, '2025-11-08', 'admin'),
('LOT-2025-00072', 72, '2025-12-22', 'admin'),
('LOT-2025-00073', 73, '2025-12-02', 'admin'),
('LOT-2025-00074', 74, '2025-11-28', 'admin'),
('LOT-2025-00075', 75, '2025-12-08', 'admin'),
('LOT-2025-00076', 76, '2025-12-17', 'admin'),
('LOT-2025-00077', 77, '2025-11-15', 'admin'),
('LOT-2025-00078', 78, '2025-11-09', 'admin'),
('LOT-2025-00079', 79, '2025-12-10', 'admin'),
('LOT-2025-00080', 80, '2025-12-17', 'admin'),
('LOT-2025-00081', 81, '2025-12-11', 'admin'),
('LOT-2025-00082', 82, '2025-11-23', 'admin'),
('LOT-2025-00083', 83, '2025-12-20', 'admin'),
('LOT-2025-00084', 84, '2025-12-13', 'admin'),
('LOT-2025-00085', 85, '2025-11-24', 'admin'),
('LOT-2025-00086', 86, '2025-11-22', 'admin'),
('LOT-2025-00087', 87, '2025-11-11', 'admin'),
('LOT-2025-00088', 88, '2025-11-08', 'admin'),
('LOT-2025-00089', 89, '2025-11-02', 'admin'),
('LOT-2025-00090', 90, '2025-12-29', 'admin'),
('LOT-2025-00091', 91, '2025-12-21', 'admin'),
('LOT-2025-00092', 92, '2025-12-04', 'admin'),
('LOT-2025-00093', 93, '2025-11-25', 'admin'),
('LOT-2025-00094', 94, '2025-11-29', 'admin'),
('LOT-2025-00095', 95, '2025-11-19', 'admin'),
('LOT-2025-00096', 96, '2025-11-05', 'admin'),
('LOT-2025-00097', 97, '2025-12-12', 'admin'),
('LOT-2025-00098', 98, '2025-11-07', 'admin'),
('LOT-2025-00099', 99, '2025-11-02', 'admin'),
('LOT-2025-00100', 100, '2025-11-16', 'admin'),
('LOT-2025-00101', 101, '2025-12-07', 'admin'),
('LOT-2025-00102', 102, '2025-11-12', 'admin'),
('LOT-2025-00103', 103, '2025-11-22', 'admin'),
('LOT-2025-00104', 104, '2025-11-04', 'admin'),
('LOT-2025-00105', 105, '2025-11-30', 'admin'),
('LOT-2025-00106', 106, '2025-12-01', 'admin'),
('LOT-2025-00107', 107, '2025-11-05', 'admin'),
('LOT-2025-00108', 108, '2025-11-07', 'admin'),
('LOT-2025-00109', 109, '2025-11-13', 'admin'),
('LOT-2025-00110', 110, '2025-12-29', 'admin'),
('LOT-2025-00111', 111, '2025-11-05', 'admin'),
('LOT-2025-00112', 112, '2025-12-10', 'admin'),
('LOT-2025-00113', 113, '2025-11-24', 'admin'),
('LOT-2025-00114', 114, '2025-11-12', 'admin'),
('LOT-2025-00115', 115, '2025-11-14', 'admin'),
('LOT-2025-00116', 116, '2025-11-29', 'admin'),
('LOT-2025-00117', 117, '2025-11-16', 'admin'),
('LOT-2025-00118', 118, '2025-12-28', 'admin'),
('LOT-2025-00119', 119, '2025-11-11', 'admin'),
('LOT-2025-00120', 120, '2025-12-05', 'admin'),
('LOT-2025-00121', 121, '2025-12-12', 'admin'),
('LOT-2025-00122', 122, '2025-12-24', 'admin'),
('LOT-2025-00123', 123, '2025-11-07', 'admin'),
('LOT-2025-00124', 124, '2025-12-10', 'admin'),
('LOT-2025-00125', 125, '2025-12-02', 'admin'),
('LOT-2025-00126', 126, '2025-12-16', 'admin'),
('LOT-2025-00127', 127, '2025-12-10', 'admin'),
('LOT-2025-00128', 128, '2025-12-26', 'admin'),
('LOT-2025-00129', 129, '2025-11-15', 'admin'),
('LOT-2025-00130', 130, '2025-12-25', 'admin'),
('LOT-2025-00131', 131, '2025-12-29', 'admin'),
('LOT-2025-00132', 132, '2025-11-12', 'admin'),
('LOT-2025-00133', 133, '2025-11-16', 'admin'),
('LOT-2025-00134', 134, '2025-11-15', 'admin'),
('LOT-2025-00135', 135, '2025-12-10', 'admin'),
('LOT-2025-00136', 136, '2025-12-12', 'admin'),
('LOT-2025-00137', 137, '2025-12-29', 'admin'),
('LOT-2025-00138', 138, '2025-11-20', 'admin'),
('LOT-2025-00139', 139, '2025-12-01', 'admin'),
('LOT-2025-00140', 140, '2025-12-02', 'admin'),
('LOT-2025-00141', 141, '2025-12-14', 'admin'),
('LOT-2025-00142', 142, '2025-12-30', 'admin'),
('LOT-2025-00143', 143, '2025-12-22', 'admin'),
('LOT-2025-00144', 144, '2025-12-12', 'admin'),
('LOT-2025-00145', 145, '2025-11-10', 'admin'),
('LOT-2025-00146', 146, '2025-11-21', 'admin'),
('LOT-2025-00147', 147, '2025-12-13', 'admin'),
('LOT-2025-00148', 148, '2025-11-17', 'admin'),
('LOT-2025-00149', 149, '2025-11-14', 'admin'),
('LOT-2025-00150', 150, '2025-12-05', 'admin'),
('LOT-2025-00151', 151, '2025-11-19', 'admin'),
('LOT-2025-00152', 152, '2025-11-16', 'admin'),
('LOT-2025-00153', 153, '2025-12-22', 'admin'),
('LOT-2025-00154', 154, '2025-12-13', 'admin'),
('LOT-2025-00155', 155, '2025-11-28', 'admin'),
('LOT-2025-00156', 156, '2025-12-20', 'admin'),
('LOT-2025-00157', 157, '2025-12-22', 'admin'),
('LOT-2025-00158', 158, '2025-11-27', 'admin'),
('LOT-2025-00159', 159, '2025-12-08', 'admin'),
('LOT-2025-00160', 160, '2025-12-26', 'admin'),
('LOT-2025-00161', 161, '2025-11-26', 'admin'),
('LOT-2025-00162', 162, '2025-12-20', 'admin'),
('LOT-2025-00163', 163, '2025-11-13', 'admin'),
('LOT-2025-00164', 164, '2025-11-10', 'admin'),
('LOT-2025-00165', 165, '2025-12-15', 'admin'),
('LOT-2025-00166', 166, '2025-11-18', 'admin'),
('LOT-2025-00167', 167, '2025-11-09', 'admin'),
('LOT-2025-00168', 168, '2025-11-17', 'admin'),
('LOT-2025-00169', 169, '2025-11-30', 'admin'),
('LOT-2025-00170', 170, '2025-11-25', 'admin'),
('LOT-2025-00171', 171, '2025-11-24', 'admin'),
('LOT-2025-00172', 172, '2025-12-17', 'admin'),
('LOT-2025-00173', 173, '2025-11-07', 'admin'),
('LOT-2025-00174', 174, '2025-11-28', 'admin'),
('LOT-2025-00175', 175, '2025-11-15', 'admin'),
('LOT-2025-00176', 176, '2025-11-20', 'admin'),
('LOT-2025-00177', 177, '2025-12-18', 'admin'),
('LOT-2025-00178', 178, '2025-11-18', 'admin'),
('LOT-2025-00179', 179, '2025-11-23', 'admin'),
('LOT-2025-00180', 180, '2025-12-13', 'admin'),
('LOT-2025-00181', 181, '2025-11-20', 'admin'),
('LOT-2025-00182', 182, '2025-12-03', 'admin'),
('LOT-2025-00183', 183, '2025-12-26', 'admin'),
('LOT-2025-00184', 184, '2025-12-28', 'admin'),
('LOT-2025-00185', 185, '2025-11-01', 'admin'),
('LOT-2025-00186', 186, '2025-12-04', 'admin'),
('LOT-2025-00187', 187, '2025-12-31', 'admin'),
('LOT-2025-00188', 188, '2025-11-16', 'admin'),
('LOT-2025-00189', 189, '2025-12-30', 'admin'),
('LOT-2025-00190', 190, '2025-11-17', 'admin'),
('LOT-2025-00191', 191, '2025-11-16', 'admin'),
('LOT-2025-00192', 192, '2025-12-30', 'admin'),
('LOT-2025-00193', 193, '2025-12-03', 'admin'),
('LOT-2025-00194', 194, '2025-12-10', 'admin'),
('LOT-2025-00195', 195, '2025-12-13', 'admin'),
('LOT-2025-00196', 196, '2025-11-29', 'admin'),
('LOT-2025-00197', 197, '2025-11-12', 'admin'),
('LOT-2025-00198', 198, '2025-11-07', 'admin'),
('LOT-2025-00199', 199, '2025-11-14', 'admin'),
('LOT-2025-00200', 200, '2025-11-28', 'admin');

-- ================================================
-- Material Rates (材料レート) - 200 records
-- ================================================
INSERT INTO `material_rates` (`product_id`, `thickness`, `width`, `pitch`, `h`, `user`) VALUES
(1, 2.9, 57.6, 61.1, 33.2, 'admin'),
(2, 0.7, 253.2, 131.2, 48.7, 'admin'),
(3, 0.7, 79.4, 88.9, 33.0, 'admin'),
(4, 1.9, 90.5, 126.2, 11.5, 'admin'),
(5, 2.8, 63.4, 138.2, 28.3, 'admin'),
(6, 1.1, 56.6, 65.0, 44.2, 'admin'),
(7, 1.6, 64.2, 49.6, 45.3, 'admin'),
(8, 1.8, 136.0, 41.7, 41.8, 'admin'),
(9, 1.0, 91.9, 75.9, 25.8, 'admin'),
(10, 1.4, 274.2, 39.1, 38.1, 'admin'),
(11, 4.9, 272.7, 30.5, 43.0, 'admin'),
(12, 5.0, 215.0, 118.7, 24.2, 'admin'),
(13, 1.4, 52.2, 77.0, 25.1, 'admin'),
(14, 4.3, 181.2, 53.5, 22.0, 'admin'),
(15, 0.8, 161.5, 139.7, 11.8, 'admin'),
(16, 2.8, 239.7, 84.7, 12.1, 'admin'),
(17, 1.7, 174.1, 103.3, 46.6, 'admin'),
(18, 0.5, 203.0, 93.2, 40.3, 'admin'),
(19, 4.6, 231.7, 84.7, 45.4, 'admin'),
(20, 3.8, 158.3, 67.6, 42.7, 'admin'),
(21, 1.9, 273.2, 91.5, 33.9, 'admin'),
(22, 0.6, 84.1, 148.1, 46.1, 'admin'),
(23, 3.7, 121.7, 127.8, 31.2, 'admin'),
(24, 4.6, 254.4, 74.0, 18.0, 'admin'),
(25, 4.6, 192.0, 77.0, 32.3, 'admin'),
(26, 3.8, 83.8, 115.7, 31.1, 'admin'),
(27, 0.8, 225.4, 143.9, 49.4, 'admin'),
(28, 2.1, 59.5, 119.0, 13.8, 'admin'),
(29, 2.3, 113.4, 67.1, 20.0, 'admin'),
(30, 1.8, 55.3, 87.0, 48.8, 'admin'),
(31, 2.7, 94.2, 90.1, 34.0, 'admin'),
(32, 4.4, 144.2, 109.2, 24.9, 'admin'),
(33, 4.6, 142.4, 52.4, 39.6, 'admin'),
(34, 1.0, 196.4, 60.5, 40.1, 'admin'),
(35, 1.3, 175.4, 137.8, 44.2, 'admin'),
(36, 1.5, 216.8, 33.1, 22.2, 'admin'),
(37, 3.7, 272.1, 100.0, 24.8, 'admin'),
(38, 2.6, 135.7, 145.6, 13.8, 'admin'),
(39, 1.1, 230.4, 32.1, 36.7, 'admin'),
(40, 0.9, 152.7, 111.0, 22.2, 'admin'),
(41, 4.2, 173.5, 56.1, 24.9, 'admin'),
(42, 4.8, 147.3, 66.7, 22.9, 'admin'),
(43, 2.7, 251.0, 117.1, 42.4, 'admin'),
(44, 2.1, 154.4, 114.9, 41.9, 'admin'),
(45, 5.0, 205.3, 39.9, 15.7, 'admin'),
(46, 2.7, 81.7, 112.2, 24.0, 'admin'),
(47, 2.1, 202.8, 140.9, 34.9, 'admin'),
(48, 3.2, 93.2, 87.3, 20.6, 'admin'),
(49, 3.8, 148.2, 130.3, 13.2, 'admin'),
(50, 5.0, 279.7, 115.5, 43.0, 'admin'),
(51, 1.4, 284.8, 62.7, 33.7, 'admin'),
(52, 3.2, 150.4, 32.8, 17.7, 'admin'),
(53, 1.4, 268.9, 74.0, 11.3, 'admin'),
(54, 2.3, 234.9, 111.8, 14.8, 'admin'),
(55, 4.0, 62.7, 89.2, 46.3, 'admin'),
(56, 2.3, 108.3, 127.7, 48.2, 'admin'),
(57, 4.1, 224.4, 68.0, 38.3, 'admin'),
(58, 2.6, 116.5, 63.1, 32.2, 'admin'),
(59, 1.6, 132.4, 106.4, 15.4, 'admin'),
(60, 4.5, 77.6, 80.8, 17.3, 'admin'),
(61, 0.7, 205.9, 75.2, 25.9, 'admin'),
(62, 1.9, 158.5, 137.4, 38.2, 'admin'),
(63, 3.7, 233.2, 87.8, 24.4, 'admin'),
(64, 2.9, 144.4, 130.9, 29.3, 'admin'),
(65, 4.0, 206.7, 83.0, 14.5, 'admin'),
(66, 4.8, 185.0, 125.4, 34.5, 'admin'),
(67, 3.0, 166.8, 57.2, 45.8, 'admin'),
(68, 1.8, 116.8, 34.4, 49.7, 'admin'),
(69, 4.8, 184.7, 69.2, 33.6, 'admin'),
(70, 1.0, 146.1, 91.5, 29.5, 'admin'),
(71, 0.6, 286.2, 42.7, 33.8, 'admin'),
(72, 2.6, 91.5, 95.1, 22.7, 'admin'),
(73, 1.4, 62.8, 101.9, 10.3, 'admin'),
(74, 1.7, 286.6, 56.4, 49.9, 'admin'),
(75, 2.2, 143.8, 44.8, 30.2, 'admin'),
(76, 4.6, 169.3, 72.0, 12.5, 'admin'),
(77, 2.5, 179.7, 114.1, 17.1, 'admin'),
(78, 3.3, 78.5, 128.6, 37.8, 'admin'),
(79, 2.7, 51.2, 110.6, 43.1, 'admin'),
(80, 2.8, 174.8, 32.9, 13.3, 'admin'),
(81, 1.5, 64.9, 112.8, 12.5, 'admin'),
(82, 3.2, 290.7, 136.8, 27.6, 'admin'),
(83, 2.2, 170.1, 143.3, 49.2, 'admin'),
(84, 2.2, 189.7, 62.0, 37.7, 'admin'),
(85, 4.5, 84.0, 126.7, 42.4, 'admin'),
(86, 1.8, 241.6, 59.4, 11.2, 'admin'),
(87, 4.6, 67.7, 87.3, 10.3, 'admin'),
(88, 3.7, 247.4, 43.3, 30.0, 'admin'),
(89, 3.5, 264.2, 72.8, 37.4, 'admin'),
(90, 4.9, 260.8, 93.9, 44.0, 'admin'),
(91, 3.4, 149.8, 58.1, 40.8, 'admin'),
(92, 4.3, 104.4, 30.5, 11.6, 'admin'),
(93, 3.9, 78.3, 142.8, 42.8, 'admin'),
(94, 3.0, 227.0, 121.3, 16.1, 'admin'),
(95, 0.6, 113.5, 75.8, 41.2, 'admin'),
(96, 0.9, 295.9, 77.7, 43.3, 'admin'),
(97, 3.2, 103.9, 135.8, 16.8, 'admin'),
(98, 4.5, 205.4, 96.0, 19.4, 'admin'),
(99, 4.2, 93.4, 37.6, 33.6, 'admin'),
(100, 4.6, 289.0, 75.1, 23.4, 'admin'),
(101, 2.3, 162.2, 61.9, 24.7, 'admin'),
(102, 1.0, 95.6, 84.3, 42.8, 'admin'),
(103, 1.9, 227.4, 100.5, 32.3, 'admin'),
(104, 1.6, 103.1, 139.4, 25.9, 'admin'),
(105, 3.4, 205.4, 113.4, 32.8, 'admin'),
(106, 2.7, 232.8, 110.8, 33.2, 'admin'),
(107, 0.5, 218.6, 57.4, 41.8, 'admin'),
(108, 2.8, 58.3, 60.8, 40.3, 'admin'),
(109, 1.6, 73.5, 89.7, 24.0, 'admin'),
(110, 3.3, 103.3, 43.6, 24.9, 'admin'),
(111, 3.2, 51.5, 42.6, 41.9, 'admin'),
(112, 1.6, 127.7, 81.4, 38.9, 'admin'),
(113, 4.8, 68.1, 113.6, 37.4, 'admin'),
(114, 3.1, 66.4, 65.8, 48.7, 'admin'),
(115, 4.2, 99.3, 145.2, 27.5, 'admin'),
(116, 3.9, 195.8, 136.6, 39.1, 'admin'),
(117, 1.8, 78.3, 97.5, 48.1, 'admin'),
(118, 1.8, 99.0, 32.6, 44.3, 'admin'),
(119, 3.4, 162.6, 100.4, 21.5, 'admin'),
(120, 3.6, 228.3, 38.6, 15.7, 'admin'),
(121, 3.5, 131.4, 119.4, 24.0, 'admin'),
(122, 3.2, 121.2, 136.7, 47.9, 'admin'),
(123, 2.4, 262.2, 136.9, 15.6, 'admin'),
(124, 4.1, 50.1, 60.4, 12.7, 'admin'),
(125, 3.8, 220.6, 104.4, 35.8, 'admin'),
(126, 4.9, 166.7, 115.1, 32.1, 'admin'),
(127, 2.4, 284.7, 73.8, 13.5, 'admin'),
(128, 3.7, 103.8, 86.4, 49.0, 'admin'),
(129, 1.4, 283.8, 105.4, 46.0, 'admin'),
(130, 4.9, 240.8, 96.5, 12.4, 'admin'),
(131, 4.4, 51.0, 84.2, 29.3, 'admin'),
(132, 4.8, 209.0, 92.7, 38.7, 'admin'),
(133, 2.9, 232.9, 44.9, 30.3, 'admin'),
(134, 1.5, 179.8, 85.6, 25.9, 'admin'),
(135, 4.7, 69.2, 133.0, 40.4, 'admin'),
(136, 1.1, 253.1, 133.0, 21.6, 'admin'),
(137, 0.6, 255.3, 89.5, 19.2, 'admin'),
(138, 3.4, 154.4, 52.9, 17.6, 'admin'),
(139, 2.0, 103.9, 49.4, 19.2, 'admin'),
(140, 4.3, 264.8, 99.6, 40.4, 'admin'),
(141, 1.8, 119.1, 90.0, 46.0, 'admin'),
(142, 0.9, 159.0, 132.6, 25.9, 'admin'),
(143, 5.0, 59.4, 57.8, 21.0, 'admin'),
(144, 2.4, 242.5, 148.0, 16.7, 'admin'),
(145, 0.6, 284.8, 126.0, 13.3, 'admin'),
(146, 4.8, 107.1, 57.7, 25.5, 'admin'),
(147, 0.7, 187.1, 120.0, 27.4, 'admin'),
(148, 3.2, 166.4, 125.3, 43.8, 'admin'),
(149, 1.2, 178.8, 145.6, 45.3, 'admin'),
(150, 2.7, 131.3, 62.9, 48.8, 'admin'),
(151, 3.3, 201.7, 68.3, 24.4, 'admin'),
(152, 3.7, 74.4, 146.5, 25.4, 'admin'),
(153, 1.3, 60.5, 46.7, 17.3, 'admin'),
(154, 4.6, 180.8, 81.5, 49.3, 'admin'),
(155, 3.7, 237.4, 149.7, 46.5, 'admin'),
(156, 4.5, 115.8, 73.9, 40.2, 'admin'),
(157, 0.9, 229.3, 106.9, 26.5, 'admin'),
(158, 2.5, 211.0, 43.3, 20.8, 'admin'),
(159, 3.8, 243.0, 94.5, 24.5, 'admin'),
(160, 1.2, 190.9, 121.8, 11.2, 'admin'),
(161, 0.9, 248.4, 87.5, 27.0, 'admin'),
(162, 4.6, 277.9, 36.6, 21.3, 'admin'),
(163, 1.2, 111.8, 108.0, 21.3, 'admin'),
(164, 1.2, 90.9, 98.4, 44.4, 'admin'),
(165, 4.1, 135.9, 134.0, 40.6, 'admin'),
(166, 3.9, 140.2, 140.2, 16.6, 'admin'),
(167, 3.7, 138.8, 93.5, 20.1, 'admin'),
(168, 4.6, 156.8, 93.2, 13.9, 'admin'),
(169, 2.7, 102.8, 64.0, 28.5, 'admin'),
(170, 2.9, 293.4, 38.5, 15.1, 'admin'),
(171, 3.5, 262.6, 41.8, 34.4, 'admin'),
(172, 1.0, 182.2, 35.7, 25.4, 'admin'),
(173, 3.7, 66.5, 79.1, 35.0, 'admin'),
(174, 3.0, 101.9, 39.0, 38.3, 'admin'),
(175, 3.7, 89.3, 108.0, 37.4, 'admin'),
(176, 3.4, 163.4, 50.7, 37.0, 'admin'),
(177, 1.4, 67.4, 79.3, 13.6, 'admin'),
(178, 3.4, 200.1, 99.1, 45.9, 'admin'),
(179, 2.5, 262.4, 120.1, 25.7, 'admin'),
(180, 1.7, 72.2, 84.7, 24.6, 'admin'),
(181, 3.6, 65.0, 39.7, 32.1, 'admin'),
(182, 2.7, 76.8, 64.9, 34.1, 'admin'),
(183, 1.9, 167.8, 57.7, 49.1, 'admin'),
(184, 1.1, 77.8, 94.9, 27.2, 'admin'),
(185, 4.5, 57.0, 132.2, 30.3, 'admin'),
(186, 3.7, 92.8, 114.2, 49.3, 'admin'),
(187, 0.5, 83.0, 98.8, 32.9, 'admin'),
(188, 5.0, 217.1, 65.2, 36.4, 'admin'),
(189, 2.3, 207.8, 41.6, 19.1, 'admin'),
(190, 2.2, 70.4, 137.2, 39.8, 'admin'),
(191, 2.1, 238.5, 83.8, 33.0, 'admin'),
(192, 3.8, 164.6, 31.1, 30.1, 'admin'),
(193, 3.3, 262.4, 72.7, 40.4, 'admin'),
(194, 3.3, 146.0, 70.7, 25.0, 'admin'),
(195, 4.3, 131.1, 93.4, 19.5, 'admin'),
(196, 2.8, 274.0, 149.9, 44.9, 'admin'),
(197, 1.9, 284.2, 116.8, 28.6, 'admin'),
(198, 3.1, 229.8, 110.0, 41.6, 'admin'),
(199, 4.5, 202.4, 75.0, 46.4, 'admin'),
(200, 3.2, 164.9, 76.9, 37.7, 'admin');

-- ================================================
-- SPM Settings (SPM設定) - 200 records
-- ================================================
INSERT INTO `spm` (`product_id`, `process_no`, `press_no`, `cycle_time`, `user`) VALUES
(1, 1, 5, 141.72, 'admin'),
(2, 2, 3, 371.01, 'admin'),
(3, 3, 2, 265.68, 'admin'),
(4, 2, 1, 252.9, 'admin'),
(5, 3, 3, 137.64, 'admin'),
(6, 1, 2, 324.05, 'admin'),
(7, 3, 3, 262.83, 'admin'),
(8, 3, 2, 130.56, 'admin'),
(9, 3, 2, 325.04, 'admin'),
(10, 2, 5, 347.4, 'admin'),
(11, 2, 5, 275.43, 'admin'),
(12, 3, 4, 385.62, 'admin'),
(13, 1, 5, 340.29, 'admin'),
(14, 3, 1, 263.31, 'admin'),
(15, 2, 5, 472.25, 'admin'),
(16, 1, 5, 154.4, 'admin'),
(17, 2, 3, 303.27, 'admin'),
(18, 1, 1, 109.2, 'admin'),
(19, 3, 2, 476.73, 'admin'),
(20, 2, 2, 276.54, 'admin'),
(21, 3, 5, 264.98, 'admin'),
(22, 3, 1, 359.85, 'admin'),
(23, 3, 5, 226.14, 'admin'),
(24, 1, 2, 249.79, 'admin'),
(25, 1, 1, 290.3, 'admin'),
(26, 3, 3, 480.15, 'admin'),
(27, 3, 3, 458.73, 'admin'),
(28, 2, 3, 218.35, 'admin'),
(29, 3, 3, 385.32, 'admin'),
(30, 3, 3, 399.74, 'admin'),
(31, 2, 1, 156.81, 'admin'),
(32, 1, 4, 181.97, 'admin'),
(33, 2, 1, 341.22, 'admin'),
(34, 2, 1, 466.24, 'admin'),
(35, 3, 3, 493.39, 'admin'),
(36, 1, 2, 465.68, 'admin'),
(37, 1, 5, 376.65, 'admin'),
(38, 2, 3, 266.27, 'admin'),
(39, 1, 4, 392.58, 'admin'),
(40, 1, 5, 454.25, 'admin'),
(41, 3, 1, 128.69, 'admin'),
(42, 3, 5, 160.79, 'admin'),
(43, 1, 2, 138.59, 'admin'),
(44, 3, 4, 455.53, 'admin'),
(45, 3, 1, 313.63, 'admin'),
(46, 2, 5, 405.01, 'admin'),
(47, 2, 3, 215.87, 'admin'),
(48, 2, 3, 141.26, 'admin'),
(49, 2, 4, 493.38, 'admin'),
(50, 1, 2, 298.87, 'admin'),
(51, 3, 1, 316.7, 'admin'),
(52, 1, 2, 308.6, 'admin'),
(53, 3, 1, 227.96, 'admin'),
(54, 1, 3, 262.57, 'admin'),
(55, 1, 2, 262.29, 'admin'),
(56, 2, 3, 494.35, 'admin'),
(57, 1, 3, 453.97, 'admin'),
(58, 2, 5, 442.53, 'admin'),
(59, 3, 2, 481.38, 'admin'),
(60, 1, 3, 385.3, 'admin'),
(61, 2, 3, 117.88, 'admin'),
(62, 3, 1, 172.35, 'admin'),
(63, 1, 4, 200.59, 'admin'),
(64, 3, 1, 403.94, 'admin'),
(65, 2, 5, 471.01, 'admin'),
(66, 1, 4, 287.77, 'admin'),
(67, 3, 3, 124.75, 'admin'),
(68, 2, 2, 177.12, 'admin'),
(69, 3, 4, 484.57, 'admin'),
(70, 1, 4, 214.32, 'admin'),
(71, 2, 3, 243.23, 'admin'),
(72, 2, 4, 194.83, 'admin'),
(73, 2, 2, 163.97, 'admin'),
(74, 2, 1, 399.0, 'admin'),
(75, 3, 5, 344.72, 'admin'),
(76, 3, 1, 184.77, 'admin'),
(77, 2, 3, 268.23, 'admin'),
(78, 2, 3, 435.14, 'admin'),
(79, 1, 4, 140.61, 'admin'),
(80, 1, 1, 138.52, 'admin'),
(81, 2, 4, 470.74, 'admin'),
(82, 2, 4, 299.73, 'admin'),
(83, 2, 1, 402.15, 'admin'),
(84, 3, 2, 457.84, 'admin'),
(85, 1, 4, 408.28, 'admin'),
(86, 3, 3, 114.87, 'admin'),
(87, 2, 3, 478.13, 'admin'),
(88, 1, 2, 291.97, 'admin'),
(89, 2, 4, 125.02, 'admin'),
(90, 3, 5, 100.39, 'admin'),
(91, 1, 3, 229.59, 'admin'),
(92, 3, 2, 301.46, 'admin'),
(93, 2, 5, 317.3, 'admin'),
(94, 2, 1, 304.74, 'admin'),
(95, 2, 4, 245.81, 'admin'),
(96, 2, 4, 143.39, 'admin'),
(97, 3, 4, 430.32, 'admin'),
(98, 2, 1, 192.62, 'admin'),
(99, 1, 5, 267.96, 'admin'),
(100, 2, 1, 111.72, 'admin'),
(101, 3, 5, 293.01, 'admin'),
(102, 3, 3, 384.66, 'admin'),
(103, 2, 3, 402.27, 'admin'),
(104, 2, 1, 279.02, 'admin'),
(105, 3, 2, 486.66, 'admin'),
(106, 3, 2, 202.89, 'admin'),
(107, 3, 4, 283.66, 'admin'),
(108, 1, 4, 121.32, 'admin'),
(109, 1, 4, 234.48, 'admin'),
(110, 2, 1, 497.19, 'admin'),
(111, 2, 4, 494.18, 'admin'),
(112, 1, 2, 233.1, 'admin'),
(113, 2, 3, 410.5, 'admin'),
(114, 2, 1, 212.53, 'admin'),
(115, 3, 4, 140.81, 'admin'),
(116, 3, 4, 155.33, 'admin'),
(117, 1, 4, 382.53, 'admin'),
(118, 3, 2, 400.86, 'admin'),
(119, 2, 5, 270.97, 'admin'),
(120, 3, 3, 386.65, 'admin'),
(121, 1, 2, 368.12, 'admin'),
(122, 1, 1, 472.57, 'admin'),
(123, 1, 5, 443.19, 'admin'),
(124, 2, 4, 190.77, 'admin'),
(125, 3, 5, 207.51, 'admin'),
(126, 2, 5, 356.37, 'admin'),
(127, 3, 4, 132.34, 'admin'),
(128, 2, 3, 277.89, 'admin'),
(129, 2, 4, 289.84, 'admin'),
(130, 3, 5, 237.11, 'admin'),
(131, 2, 5, 189.15, 'admin'),
(132, 2, 4, 301.85, 'admin'),
(133, 3, 1, 320.82, 'admin'),
(134, 2, 3, 296.03, 'admin'),
(135, 1, 3, 349.69, 'admin'),
(136, 2, 5, 241.57, 'admin'),
(137, 3, 2, 419.28, 'admin'),
(138, 2, 5, 156.83, 'admin'),
(139, 1, 4, 341.55, 'admin'),
(140, 3, 1, 276.68, 'admin'),
(141, 3, 2, 402.21, 'admin'),
(142, 1, 2, 193.04, 'admin'),
(143, 3, 4, 201.88, 'admin'),
(144, 3, 1, 291.34, 'admin'),
(145, 2, 1, 409.13, 'admin'),
(146, 3, 2, 137.08, 'admin'),
(147, 2, 2, 411.2, 'admin'),
(148, 2, 5, 175.07, 'admin'),
(149, 1, 2, 235.75, 'admin'),
(150, 2, 3, 432.8, 'admin'),
(151, 2, 4, 123.08, 'admin'),
(152, 2, 2, 443.1, 'admin'),
(153, 3, 3, 346.36, 'admin'),
(154, 1, 2, 134.79, 'admin'),
(155, 3, 2, 348.65, 'admin'),
(156, 1, 5, 279.29, 'admin'),
(157, 1, 1, 123.75, 'admin'),
(158, 3, 5, 431.02, 'admin'),
(159, 2, 1, 489.12, 'admin'),
(160, 1, 4, 151.96, 'admin'),
(161, 3, 3, 131.28, 'admin'),
(162, 1, 2, 223.25, 'admin'),
(163, 3, 3, 223.53, 'admin'),
(164, 3, 3, 381.57, 'admin'),
(165, 1, 4, 421.53, 'admin'),
(166, 1, 4, 475.68, 'admin'),
(167, 3, 3, 496.55, 'admin'),
(168, 3, 2, 405.06, 'admin'),
(169, 2, 4, 437.33, 'admin'),
(170, 1, 4, 147.53, 'admin'),
(171, 3, 3, 465.34, 'admin'),
(172, 2, 4, 449.54, 'admin'),
(173, 1, 5, 289.53, 'admin'),
(174, 2, 5, 343.03, 'admin'),
(175, 2, 1, 467.74, 'admin'),
(176, 1, 5, 378.36, 'admin'),
(177, 3, 2, 227.61, 'admin'),
(178, 1, 2, 382.35, 'admin'),
(179, 3, 2, 392.67, 'admin'),
(180, 3, 1, 339.3, 'admin'),
(181, 1, 5, 442.89, 'admin'),
(182, 2, 1, 269.48, 'admin'),
(183, 2, 1, 479.01, 'admin'),
(184, 3, 3, 485.28, 'admin'),
(185, 2, 2, 405.03, 'admin'),
(186, 3, 3, 234.92, 'admin'),
(187, 3, 3, 444.76, 'admin'),
(188, 3, 3, 366.51, 'admin'),
(189, 3, 2, 395.98, 'admin'),
(190, 2, 4, 119.97, 'admin'),
(191, 1, 4, 302.02, 'admin'),
(192, 1, 2, 410.67, 'admin'),
(193, 2, 3, 386.8, 'admin'),
(194, 3, 5, 330.02, 'admin'),
(195, 1, 4, 402.4, 'admin'),
(196, 2, 4, 273.4, 'admin'),
(197, 2, 3, 318.65, 'admin'),
(198, 3, 2, 187.56, 'admin'),
(199, 1, 1, 412.16, 'admin'),
(200, 3, 3, 406.9, 'admin');

-- ================================================
-- Calendar (カレンダー) - 2025年の祝日
-- ================================================
INSERT INTO `calendar` (`date_holiday`, `holiday_type_id`, `user`) VALUES
('2025-01-01', 1, 'admin'),
('2025-01-13', 1, 'admin'),
('2025-02-11', 1, 'admin'),
('2025-02-23', 1, 'admin'),
('2025-03-20', 1, 'admin'),
('2025-04-29', 1, 'admin'),
('2025-05-03', 1, 'admin'),
('2025-05-04', 1, 'admin'),
('2025-05-05', 1, 'admin'),
('2025-07-21', 1, 'admin'),
('2025-08-11', 1, 'admin'),
('2025-09-15', 1, 'admin'),
('2025-09-23', 1, 'admin'),
('2025-10-13', 1, 'admin'),
('2025-11-03', 1, 'admin'),
('2025-11-23', 1, 'admin'),
('2025-12-29', 2, 'admin'),
('2025-12-30', 2, 'admin'),
('2025-12-31', 2, 'admin');

-- ================================================
-- Finished Products (完成品) - 200 records
-- ================================================
INSERT INTO `finished_products` (`product_id`, `lot_id`, `finished_quantity`, `date_finished`, `user`) VALUES
(1, 1, 9238, '2025-11-11', 'admin'),
(2, 2, 2698, '2025-11-20', 'admin'),
(3, 3, 7316, '2025-11-08', 'admin'),
(4, 4, 4050, '2025-12-15', 'admin'),
(5, 5, 9520, '2025-12-12', 'admin'),
(6, 6, 1673, '2025-11-18', 'admin'),
(7, 7, 7375, '2026-01-22', 'admin'),
(8, 8, 9194, '2025-11-27', 'admin'),
(9, 9, 9284, '2025-11-29', 'admin'),
(10, 10, 7674, '2025-12-15', 'admin'),
(11, 11, 4445, '2026-01-12', 'admin'),
(12, 12, 4740, '2026-01-14', 'admin'),
(13, 13, 5747, '2026-01-24', 'admin'),
(14, 14, 9051, '2025-12-16', 'admin'),
(15, 15, 7018, '2026-01-12', 'admin'),
(16, 16, 8819, '2025-11-17', 'admin'),
(17, 17, 5178, '2025-12-31', 'admin'),
(18, 18, 3319, '2026-01-08', 'admin'),
(19, 19, 6615, '2025-12-04', 'admin'),
(20, 20, 839, '2025-12-21', 'admin'),
(21, 21, 9223, '2026-01-28', 'admin'),
(22, 22, 3957, '2025-12-31', 'admin'),
(23, 23, 2994, '2025-12-11', 'admin'),
(24, 24, 924, '2025-11-12', 'admin'),
(25, 25, 1996, '2025-11-20', 'admin'),
(26, 26, 5526, '2025-12-09', 'admin'),
(27, 27, 3058, '2025-11-18', 'admin'),
(28, 28, 5626, '2025-11-24', 'admin'),
(29, 29, 2561, '2025-11-13', 'admin'),
(30, 30, 2033, '2025-11-12', 'admin'),
(31, 31, 7633, '2026-01-01', 'admin'),
(32, 32, 8446, '2026-01-19', 'admin'),
(33, 33, 6561, '2025-11-20', 'admin'),
(34, 34, 3327, '2025-12-07', 'admin'),
(35, 35, 6091, '2025-12-01', 'admin'),
(36, 36, 2240, '2025-11-29', 'admin'),
(37, 37, 7720, '2025-11-02', 'admin'),
(38, 38, 3259, '2025-11-01', 'admin'),
(39, 39, 3400, '2025-11-08', 'admin'),
(40, 40, 3240, '2025-12-07', 'admin'),
(41, 41, 9838, '2025-12-07', 'admin'),
(42, 42, 8545, '2025-11-15', 'admin'),
(43, 43, 8008, '2026-01-20', 'admin'),
(44, 44, 6333, '2025-12-13', 'admin'),
(45, 45, 2383, '2026-01-19', 'admin'),
(46, 46, 8638, '2025-11-27', 'admin'),
(47, 47, 630, '2025-11-30', 'admin'),
(48, 48, 4680, '2025-11-13', 'admin'),
(49, 49, 1310, '2026-01-06', 'admin'),
(50, 50, 512, '2026-01-29', 'admin'),
(51, 51, 8183, '2025-11-19', 'admin'),
(52, 52, 8364, '2025-11-14', 'admin'),
(53, 53, 936, '2025-12-14', 'admin'),
(54, 54, 4984, '2025-11-17', 'admin'),
(55, 55, 3310, '2025-11-15', 'admin'),
(56, 56, 510, '2026-01-22', 'admin'),
(57, 57, 5549, '2026-01-07', 'admin'),
(58, 58, 5689, '2025-11-19', 'admin'),
(59, 59, 1126, '2025-11-16', 'admin'),
(60, 60, 4563, '2025-12-06', 'admin'),
(61, 61, 3801, '2025-11-11', 'admin'),
(62, 62, 8820, '2025-11-19', 'admin'),
(63, 63, 8964, '2025-12-10', 'admin'),
(64, 64, 2429, '2026-01-30', 'admin'),
(65, 65, 9408, '2026-01-10', 'admin'),
(66, 66, 4132, '2026-01-06', 'admin'),
(67, 67, 8471, '2025-12-28', 'admin'),
(68, 68, 1488, '2025-12-17', 'admin'),
(69, 69, 6482, '2025-12-18', 'admin'),
(70, 70, 4376, '2026-01-21', 'admin'),
(71, 71, 978, '2025-12-16', 'admin'),
(72, 72, 6144, '2025-12-22', 'admin'),
(73, 73, 1402, '2025-11-28', 'admin'),
(74, 74, 2977, '2025-12-01', 'admin'),
(75, 75, 8243, '2025-11-13', 'admin'),
(76, 76, 9492, '2026-01-17', 'admin'),
(77, 77, 5349, '2025-12-04', 'admin'),
(78, 78, 6110, '2025-12-10', 'admin'),
(79, 79, 6528, '2025-12-02', 'admin'),
(80, 80, 2571, '2025-11-25', 'admin'),
(81, 81, 8828, '2026-01-09', 'admin'),
(82, 82, 3699, '2026-01-26', 'admin'),
(83, 83, 8177, '2025-12-25', 'admin'),
(84, 84, 6383, '2026-01-05', 'admin'),
(85, 85, 3300, '2026-01-01', 'admin'),
(86, 86, 7916, '2025-12-08', 'admin'),
(87, 87, 5198, '2026-01-29', 'admin'),
(88, 88, 5493, '2025-12-12', 'admin'),
(89, 89, 7200, '2026-01-16', 'admin'),
(90, 90, 9677, '2025-12-03', 'admin'),
(91, 91, 8359, '2026-01-18', 'admin'),
(92, 92, 673, '2025-11-07', 'admin'),
(93, 93, 3950, '2026-01-12', 'admin'),
(94, 94, 7455, '2025-12-27', 'admin'),
(95, 95, 5316, '2025-11-19', 'admin'),
(96, 96, 8580, '2025-12-10', 'admin'),
(97, 97, 3246, '2025-11-22', 'admin'),
(98, 98, 7784, '2025-11-13', 'admin'),
(99, 99, 1214, '2025-11-19', 'admin'),
(100, 100, 6623, '2025-11-08', 'admin'),
(101, 101, 2354, '2025-12-01', 'admin'),
(102, 102, 2958, '2025-11-28', 'admin'),
(103, 103, 6916, '2025-11-16', 'admin'),
(104, 104, 5245, '2025-12-19', 'admin'),
(105, 105, 4842, '2026-01-21', 'admin'),
(106, 106, 8441, '2026-01-20', 'admin'),
(107, 107, 9848, '2026-01-21', 'admin'),
(108, 108, 2965, '2025-11-28', 'admin'),
(109, 109, 575, '2025-11-10', 'admin'),
(110, 110, 6305, '2026-01-18', 'admin'),
(111, 111, 6187, '2025-12-26', 'admin'),
(112, 112, 6768, '2025-11-27', 'admin'),
(113, 113, 1686, '2025-11-09', 'admin'),
(114, 114, 3963, '2025-11-27', 'admin'),
(115, 115, 9237, '2025-11-19', 'admin'),
(116, 116, 7931, '2025-11-05', 'admin'),
(117, 117, 2014, '2025-11-25', 'admin'),
(118, 118, 6895, '2026-01-29', 'admin'),
(119, 119, 1453, '2026-01-16', 'admin'),
(120, 120, 5035, '2025-11-16', 'admin'),
(121, 121, 3793, '2025-12-31', 'admin'),
(122, 122, 9013, '2025-11-08', 'admin'),
(123, 123, 4295, '2026-01-15', 'admin'),
(124, 124, 2400, '2025-11-18', 'admin'),
(125, 125, 8202, '2026-01-27', 'admin'),
(126, 126, 6585, '2025-12-16', 'admin'),
(127, 127, 8380, '2025-12-04', 'admin'),
(128, 128, 1912, '2025-11-14', 'admin'),
(129, 129, 4407, '2025-12-02', 'admin'),
(130, 130, 5487, '2025-12-01', 'admin'),
(131, 131, 2964, '2026-01-06', 'admin'),
(132, 132, 4339, '2026-01-10', 'admin'),
(133, 133, 1428, '2025-11-30', 'admin'),
(134, 134, 3918, '2025-12-25', 'admin'),
(135, 135, 5601, '2025-12-30', 'admin'),
(136, 136, 8074, '2025-11-05', 'admin'),
(137, 137, 2159, '2025-12-22', 'admin'),
(138, 138, 9532, '2025-12-08', 'admin'),
(139, 139, 5756, '2025-12-01', 'admin'),
(140, 140, 4403, '2026-01-14', 'admin'),
(141, 141, 2118, '2025-12-03', 'admin'),
(142, 142, 4768, '2026-01-21', 'admin'),
(143, 143, 1672, '2025-12-28', 'admin'),
(144, 144, 8180, '2025-11-29', 'admin'),
(145, 145, 3548, '2026-01-02', 'admin'),
(146, 146, 1552, '2025-11-12', 'admin'),
(147, 147, 9273, '2025-12-12', 'admin'),
(148, 148, 5976, '2026-01-18', 'admin'),
(149, 149, 7459, '2026-01-28', 'admin'),
(150, 150, 7677, '2026-01-11', 'admin'),
(151, 151, 1257, '2025-11-20', 'admin'),
(152, 152, 9324, '2026-01-29', 'admin'),
(153, 153, 7096, '2025-12-16', 'admin'),
(154, 154, 1312, '2026-01-08', 'admin'),
(155, 155, 5464, '2025-11-01', 'admin'),
(156, 156, 7912, '2026-01-18', 'admin'),
(157, 157, 9169, '2026-01-05', 'admin'),
(158, 158, 2448, '2025-11-05', 'admin'),
(159, 159, 7189, '2025-12-17', 'admin'),
(160, 160, 704, '2025-12-25', 'admin'),
(161, 161, 1683, '2026-01-18', 'admin'),
(162, 162, 9052, '2025-11-22', 'admin'),
(163, 163, 2137, '2025-11-09', 'admin'),
(164, 164, 6697, '2025-12-29', 'admin'),
(165, 165, 6904, '2025-12-17', 'admin'),
(166, 166, 5150, '2025-12-15', 'admin'),
(167, 167, 5421, '2026-01-04', 'admin'),
(168, 168, 5680, '2025-11-16', 'admin'),
(169, 169, 9113, '2026-01-18', 'admin'),
(170, 170, 8893, '2026-01-13', 'admin'),
(171, 171, 9836, '2026-01-14', 'admin'),
(172, 172, 8980, '2025-11-18', 'admin'),
(173, 173, 4654, '2025-11-22', 'admin'),
(174, 174, 3289, '2025-12-13', 'admin'),
(175, 175, 6546, '2025-12-07', 'admin'),
(176, 176, 6599, '2025-12-09', 'admin'),
(177, 177, 9345, '2025-11-07', 'admin'),
(178, 178, 9125, '2025-11-23', 'admin'),
(179, 179, 7109, '2025-12-19', 'admin'),
(180, 180, 8735, '2025-12-08', 'admin'),
(181, 181, 9586, '2025-11-17', 'admin'),
(182, 182, 1757, '2025-11-06', 'admin'),
(183, 183, 2181, '2025-11-22', 'admin'),
(184, 184, 5235, '2026-01-21', 'admin'),
(185, 185, 7342, '2025-12-06', 'admin'),
(186, 186, 3043, '2026-01-04', 'admin'),
(187, 187, 3623, '2025-12-10', 'admin'),
(188, 188, 3536, '2025-11-04', 'admin'),
(189, 189, 1520, '2025-12-03', 'admin'),
(190, 190, 7385, '2025-12-09', 'admin'),
(191, 191, 9736, '2025-12-03', 'admin'),
(192, 192, 1308, '2025-12-25', 'admin'),
(193, 193, 9922, '2025-12-15', 'admin'),
(194, 194, 8025, '2026-01-11', 'admin'),
(195, 195, 8263, '2026-01-23', 'admin'),
(196, 196, 2692, '2025-12-08', 'admin'),
(197, 197, 835, '2025-12-26', 'admin'),
(198, 198, 5714, '2025-12-08', 'admin'),
(199, 199, 9027, '2026-01-07', 'admin'),
(200, 200, 8030, '2025-12-14', 'admin');

-- ================================================
-- Machine List (機械リスト) - 200 records
-- ================================================
INSERT INTO `machine_list` (`factory_id`, `machine_no`, `user`) VALUES
(1, 'M-0001', 'admin'),
(2, 'M-0002', 'admin'),
(3, 'M-0003', 'admin'),
(4, 'M-0004', 'admin'),
(5, 'M-0005', 'admin'),
(6, 'M-0006', 'admin'),
(7, 'M-0007', 'admin'),
(8, 'M-0008', 'admin'),
(9, 'M-0009', 'admin'),
(10, 'M-0010', 'admin'),
(1, 'M-0011', 'admin'),
(2, 'M-0012', 'admin'),
(3, 'M-0013', 'admin'),
(4, 'M-0014', 'admin'),
(5, 'M-0015', 'admin'),
(6, 'M-0016', 'admin'),
(7, 'M-0017', 'admin'),
(8, 'M-0018', 'admin'),
(9, 'M-0019', 'admin'),
(10, 'M-0020', 'admin'),
(1, 'M-0021', 'admin'),
(2, 'M-0022', 'admin'),
(3, 'M-0023', 'admin'),
(4, 'M-0024', 'admin'),
(5, 'M-0025', 'admin'),
(6, 'M-0026', 'admin'),
(7, 'M-0027', 'admin'),
(8, 'M-0028', 'admin'),
(9, 'M-0029', 'admin'),
(10, 'M-0030', 'admin'),
(1, 'M-0031', 'admin'),
(2, 'M-0032', 'admin'),
(3, 'M-0033', 'admin'),
(4, 'M-0034', 'admin'),
(5, 'M-0035', 'admin'),
(6, 'M-0036', 'admin'),
(7, 'M-0037', 'admin'),
(8, 'M-0038', 'admin'),
(9, 'M-0039', 'admin'),
(10, 'M-0040', 'admin'),
(1, 'M-0041', 'admin'),
(2, 'M-0042', 'admin'),
(3, 'M-0043', 'admin'),
(4, 'M-0044', 'admin'),
(5, 'M-0045', 'admin'),
(6, 'M-0046', 'admin'),
(7, 'M-0047', 'admin'),
(8, 'M-0048', 'admin'),
(9, 'M-0049', 'admin'),
(10, 'M-0050', 'admin'),
(1, 'M-0051', 'admin'),
(2, 'M-0052', 'admin'),
(3, 'M-0053', 'admin'),
(4, 'M-0054', 'admin'),
(5, 'M-0055', 'admin'),
(6, 'M-0056', 'admin'),
(7, 'M-0057', 'admin'),
(8, 'M-0058', 'admin'),
(9, 'M-0059', 'admin'),
(10, 'M-0060', 'admin'),
(1, 'M-0061', 'admin'),
(2, 'M-0062', 'admin'),
(3, 'M-0063', 'admin'),
(4, 'M-0064', 'admin'),
(5, 'M-0065', 'admin'),
(6, 'M-0066', 'admin'),
(7, 'M-0067', 'admin'),
(8, 'M-0068', 'admin'),
(9, 'M-0069', 'admin'),
(10, 'M-0070', 'admin'),
(1, 'M-0071', 'admin'),
(2, 'M-0072', 'admin'),
(3, 'M-0073', 'admin'),
(4, 'M-0074', 'admin'),
(5, 'M-0075', 'admin'),
(6, 'M-0076', 'admin'),
(7, 'M-0077', 'admin'),
(8, 'M-0078', 'admin'),
(9, 'M-0079', 'admin'),
(10, 'M-0080', 'admin'),
(1, 'M-0081', 'admin'),
(2, 'M-0082', 'admin'),
(3, 'M-0083', 'admin'),
(4, 'M-0084', 'admin'),
(5, 'M-0085', 'admin'),
(6, 'M-0086', 'admin'),
(7, 'M-0087', 'admin'),
(8, 'M-0088', 'admin'),
(9, 'M-0089', 'admin'),
(10, 'M-0090', 'admin'),
(1, 'M-0091', 'admin'),
(2, 'M-0092', 'admin'),
(3, 'M-0093', 'admin'),
(4, 'M-0094', 'admin'),
(5, 'M-0095', 'admin'),
(6, 'M-0096', 'admin'),
(7, 'M-0097', 'admin'),
(8, 'M-0098', 'admin'),
(9, 'M-0099', 'admin'),
(10, 'M-0100', 'admin'),
(1, 'M-0101', 'admin'),
(2, 'M-0102', 'admin'),
(3, 'M-0103', 'admin'),
(4, 'M-0104', 'admin'),
(5, 'M-0105', 'admin'),
(6, 'M-0106', 'admin'),
(7, 'M-0107', 'admin'),
(8, 'M-0108', 'admin'),
(9, 'M-0109', 'admin'),
(10, 'M-0110', 'admin'),
(1, 'M-0111', 'admin'),
(2, 'M-0112', 'admin'),
(3, 'M-0113', 'admin'),
(4, 'M-0114', 'admin'),
(5, 'M-0115', 'admin'),
(6, 'M-0116', 'admin'),
(7, 'M-0117', 'admin'),
(8, 'M-0118', 'admin'),
(9, 'M-0119', 'admin'),
(10, 'M-0120', 'admin'),
(1, 'M-0121', 'admin'),
(2, 'M-0122', 'admin'),
(3, 'M-0123', 'admin'),
(4, 'M-0124', 'admin'),
(5, 'M-0125', 'admin'),
(6, 'M-0126', 'admin'),
(7, 'M-0127', 'admin'),
(8, 'M-0128', 'admin'),
(9, 'M-0129', 'admin'),
(10, 'M-0130', 'admin'),
(1, 'M-0131', 'admin'),
(2, 'M-0132', 'admin'),
(3, 'M-0133', 'admin'),
(4, 'M-0134', 'admin'),
(5, 'M-0135', 'admin'),
(6, 'M-0136', 'admin'),
(7, 'M-0137', 'admin'),
(8, 'M-0138', 'admin'),
(9, 'M-0139', 'admin'),
(10, 'M-0140', 'admin'),
(1, 'M-0141', 'admin'),
(2, 'M-0142', 'admin'),
(3, 'M-0143', 'admin'),
(4, 'M-0144', 'admin'),
(5, 'M-0145', 'admin'),
(6, 'M-0146', 'admin'),
(7, 'M-0147', 'admin'),
(8, 'M-0148', 'admin'),
(9, 'M-0149', 'admin'),
(10, 'M-0150', 'admin'),
(1, 'M-0151', 'admin'),
(2, 'M-0152', 'admin'),
(3, 'M-0153', 'admin'),
(4, 'M-0154', 'admin'),
(5, 'M-0155', 'admin'),
(6, 'M-0156', 'admin'),
(7, 'M-0157', 'admin'),
(8, 'M-0158', 'admin'),
(9, 'M-0159', 'admin'),
(10, 'M-0160', 'admin'),
(1, 'M-0161', 'admin'),
(2, 'M-0162', 'admin'),
(3, 'M-0163', 'admin'),
(4, 'M-0164', 'admin'),
(5, 'M-0165', 'admin'),
(6, 'M-0166', 'admin'),
(7, 'M-0167', 'admin'),
(8, 'M-0168', 'admin'),
(9, 'M-0169', 'admin'),
(10, 'M-0170', 'admin'),
(1, 'M-0171', 'admin'),
(2, 'M-0172', 'admin'),
(3, 'M-0173', 'admin'),
(4, 'M-0174', 'admin'),
(5, 'M-0175', 'admin'),
(6, 'M-0176', 'admin'),
(7, 'M-0177', 'admin'),
(8, 'M-0178', 'admin'),
(9, 'M-0179', 'admin'),
(10, 'M-0180', 'admin'),
(1, 'M-0181', 'admin'),
(2, 'M-0182', 'admin'),
(3, 'M-0183', 'admin'),
(4, 'M-0184', 'admin'),
(5, 'M-0185', 'admin'),
(6, 'M-0186', 'admin'),
(7, 'M-0187', 'admin'),
(8, 'M-0188', 'admin'),
(9, 'M-0189', 'admin'),
(10, 'M-0190', 'admin'),
(1, 'M-0191', 'admin'),
(2, 'M-0192', 'admin'),
(3, 'M-0193', 'admin'),
(4, 'M-0194', 'admin'),
(5, 'M-0195', 'admin'),
(6, 'M-0196', 'admin'),
(7, 'M-0197', 'admin'),
(8, 'M-0198', 'admin'),
(9, 'M-0199', 'admin'),
(10, 'M-0200', 'admin');

-- ================================================
-- Working Hours (稼働時間)
-- ================================================
INSERT INTO `working_hours` (`factory_id`, `hours`, `user`) VALUES
(1, 24.0, 'admin'),
(2, 24.0, 'admin'),
(3, 16.0, 'admin'),
(4, 24.0, 'admin'),
(5, 24.0, 'admin'),
(6, 8.0, 'admin'),
(7, 24.0, 'admin'),
(8, 24.0, 'admin'),
(9, 8.0, 'admin'),
(10, 24.0, 'admin');

-- ================================================
-- SPM Data (正しい版)
-- process_name: 工程名（PRESS 1/4等）
-- press_no: 機械番号（PRESS-001等）
-- ================================================

DELETE FROM spm;

INSERT INTO `spm` (`product_id`, `process_name`, `press_no`, `cycle_time`, `user`) VALUES
(2, 'PRESS 1/4', 'PRESS-006', 102.55, 'admin'),
(2, 'PRESS 2/4', 'PRESS-S002', 212.57, 'admin'),
(2, 'PRESS 3/4', 'PRESS-S001', 65.55, 'admin'),
(2, 'PRESS 4/4', 'PRESS-001', 402.39, 'admin'),
(3, 'PRESS 1/3', 'PRESS-S001', 204.14, 'admin'),
(3, 'PRESS 1/3', 'PRESS-S003', 163.9, 'admin'),
(3, 'PRESS 2/3', 'PRESS-008', 52.85, 'admin'),
(3, 'PRESS 2/3', 'PRESS-001', 176.72, 'admin'),
(3, 'PRESS 3/3', 'PRESS-006', 100.76, 'admin'),
(5, 'PRESS 1/4', 'PRESS-S001', 493.24, 'admin'),
(5, 'PRESS 1/4', 'PRESS-S003', 482.99, 'admin'),
(5, 'PRESS 2/4', 'PRESS-002', 165.9, 'admin'),
(5, 'PRESS 2/4', 'PRESS-S001', 439.95, 'admin'),
(5, 'PRESS 3/4', 'PRESS-S004', 79.86, 'admin'),
(5, 'PRESS 4/4', 'PRESS-002', 485.9, 'admin'),
(5, 'PRESS 4/4', 'PRESS-008', 58.68, 'admin'),
(6, 'PRESS 1/4', 'PRESS-004', 490.7, 'admin'),
(6, 'PRESS 1/4', 'PRESS-S002', 452.04, 'admin'),
(6, 'PRESS 2/4', 'PRESS-S003', 155.14, 'admin'),
(6, 'PRESS 2/4', 'PRESS-003', 420.86, 'admin'),
(6, 'PRESS 2/4', 'PRESS-001', 368.66, 'admin'),
(6, 'PRESS 3/4', 'PRESS-002', 404.77, 'admin'),
(6, 'PRESS 3/4', 'PRESS-006', 152.35, 'admin'),
(6, 'PRESS 4/4', 'PRESS-008', 154.22, 'admin'),
(6, 'PRESS 4/4', 'PRESS-007', 467.26, 'admin'),
(6, 'PRESS 4/4', 'PRESS-005', 179.97, 'admin'),
(7, 'PRESS 1/2', 'PRESS-003', 75.82, 'admin'),
(7, 'PRESS 1/2', 'PRESS-S001', 418.48, 'admin'),
(7, 'PRESS 1/2', 'PRESS-005', 94.46, 'admin'),
(7, 'PRESS 2/2', 'PRESS-S002', 258.14, 'admin'),
(7, 'PRESS 2/2', 'PRESS-006', 245.75, 'admin'),
(8, 'PRESS 1/4', 'PRESS-004', 250.11, 'admin'),
(8, 'PRESS 2/4', 'PRESS-S001', 261.73, 'admin'),
(8, 'PRESS 3/4', 'PRESS-003', 418.39, 'admin'),
(8, 'PRESS 4/4', 'PRESS-S004', 353.69, 'admin'),
(8, 'PRESS 4/4', 'PRESS-002', 269.35, 'admin'),
(8, 'PRESS 4/4', 'PRESS-004', 223.02, 'admin'),
(10, 'PRESS 1/4', 'PRESS-006', 222.15, 'admin'),
(10, 'PRESS 1/4', 'PRESS-S004', 77.77, 'admin'),
(10, 'PRESS 2/4', 'PRESS-002', 235.13, 'admin'),
(10, 'PRESS 2/4', 'PRESS-S003', 323.26, 'admin'),
(10, 'PRESS 2/4', 'PRESS-008', 87.67, 'admin'),
(10, 'PRESS 3/4', 'PRESS-004', 216.84, 'admin'),
(10, 'PRESS 3/4', 'PRESS-006', 403.0, 'admin'),
(10, 'PRESS 4/4', 'PRESS-004', 433.27, 'admin'),
(11, 'PRESS 1/4', 'PRESS-008', 175.51, 'admin'),
(11, 'PRESS 1/4', 'PRESS-S003', 76.34, 'admin'),
(11, 'PRESS 1/4', 'PRESS-003', 304.34, 'admin'),
(11, 'PRESS 2/4', 'PRESS-005', 496.0, 'admin'),
(11, 'PRESS 2/4', 'PRESS-001', 238.48, 'admin'),
(11, 'PRESS 3/4', 'PRESS-S002', 115.97, 'admin'),
(11, 'PRESS 3/4', 'PRESS-001', 144.91, 'admin'),
(11, 'PRESS 4/4', 'PRESS-004', 122.02, 'admin'),
(11, 'PRESS 4/4', 'PRESS-008', 409.15, 'admin'),
(13, 'PRESS 1/3', 'PRESS-001', 369.19, 'admin'),
(13, 'PRESS 1/3', 'PRESS-004', 347.07, 'admin'),
(13, 'PRESS 2/3', 'PRESS-003', 92.66, 'admin'),
(13, 'PRESS 2/3', 'PRESS-S001', 465.16, 'admin'),
(13, 'PRESS 2/3', 'PRESS-S002', 294.15, 'admin'),
(13, 'PRESS 3/3', 'PRESS-007', 167.08, 'admin'),
(14, 'PRESS 1/4', 'PRESS-006', 182.38, 'admin'),
(14, 'PRESS 1/4', 'PRESS-002', 491.57, 'admin'),
(14, 'PRESS 2/4', 'PRESS-008', 54.12, 'admin'),
(14, 'PRESS 2/4', 'PRESS-007', 457.96, 'admin'),
(14, 'PRESS 3/4', 'PRESS-008', 499.35, 'admin'),
(14, 'PRESS 4/4', 'PRESS-S001', 160.31, 'admin'),
(15, 'PRESS 1/3', 'PRESS-008', 135.17, 'admin'),
(15, 'PRESS 1/3', 'PRESS-007', 349.16, 'admin'),
(15, 'PRESS 2/3', 'PRESS-005', 79.9, 'admin'),
(15, 'PRESS 3/3', 'PRESS-S001', 372.02, 'admin'),
(15, 'PRESS 3/3', 'PRESS-004', 101.84, 'admin'),
(15, 'PRESS 3/3', 'PRESS-006', 157.68, 'admin'),
(16, 'PRESS 1/2', 'PRESS-007', 421.83, 'admin'),
(16, 'PRESS 2/2', 'PRESS-005', 126.89, 'admin'),
(17, 'PRESS 1/5', 'PRESS-S002', 55.44, 'admin'),
(17, 'PRESS 2/5', 'PRESS-S003', 124.25, 'admin'),
(17, 'PRESS 2/5', 'PRESS-001', 386.29, 'admin'),
(17, 'PRESS 2/5', 'PRESS-006', 144.74, 'admin'),
(17, 'PRESS 3/5', 'PRESS-S003', 288.55, 'admin'),
(17, 'PRESS 3/5', 'PRESS-005', 157.91, 'admin'),
(17, 'PRESS 4/5', 'PRESS-004', 51.22, 'admin'),
(17, 'PRESS 4/5', 'PRESS-008', 137.95, 'admin'),
(17, 'PRESS 4/5', 'PRESS-002', 391.02, 'admin'),
(17, 'PRESS 5/5', 'PRESS-S002', 210.7, 'admin'),
(17, 'PRESS 5/5', 'PRESS-S001', 61.24, 'admin'),
(17, 'PRESS 5/5', 'PRESS-008', 479.5, 'admin'),
(18, 'PRESS 1/4', 'PRESS-S002', 147.55, 'admin'),
(18, 'PRESS 2/4', 'PRESS-001', 339.13, 'admin'),
(18, 'PRESS 3/4', 'PRESS-S001', 479.71, 'admin'),
(18, 'PRESS 3/4', 'PRESS-005', 350.6, 'admin'),
(18, 'PRESS 4/4', 'PRESS-005', 475.83, 'admin'),
(18, 'PRESS 4/4', 'PRESS-001', 284.69, 'admin'),
(19, 'PRESS 1/3', 'PRESS-S002', 228.3, 'admin'),
(19, 'PRESS 2/3', 'PRESS-003', 441.43, 'admin'),
(19, 'PRESS 3/3', 'PRESS-007', 276.87, 'admin'),
(20, 'PRESS 1/4', 'PRESS-006', 94.53, 'admin'),
(20, 'PRESS 1/4', 'PRESS-S003', 427.21, 'admin'),
(20, 'PRESS 1/4', 'PRESS-S004', 281.88, 'admin'),
(20, 'PRESS 2/4', 'PRESS-S002', 467.89, 'admin'),
(20, 'PRESS 2/4', 'PRESS-001', 121.96, 'admin'),
(20, 'PRESS 2/4', 'PRESS-003', 424.72, 'admin'),
(20, 'PRESS 3/4', 'PRESS-002', 113.01, 'admin'),
(20, 'PRESS 3/4', 'PRESS-001', 496.21, 'admin'),
(20, 'PRESS 3/4', 'PRESS-S003', 51.32, 'admin'),
(20, 'PRESS 4/4', 'PRESS-006', 263.22, 'admin'),
(21, 'PRESS 1/3', 'PRESS-005', 416.51, 'admin'),
(21, 'PRESS 2/3', 'PRESS-001', 496.72, 'admin'),
(21, 'PRESS 3/3', 'PRESS-S004', 76.25, 'admin'),
(21, 'PRESS 3/3', 'PRESS-002', 190.39, 'admin'),
(21, 'PRESS 3/3', 'PRESS-S003', 304.84, 'admin'),
(22, 'PRESS 1/2', 'PRESS-S004', 439.38, 'admin'),
(22, 'PRESS 1/2', 'PRESS-005', 417.8, 'admin'),
(22, 'PRESS 1/2', 'PRESS-001', 176.47, 'admin'),
(22, 'PRESS 2/2', 'PRESS-S002', 401.31, 'admin'),
(22, 'PRESS 2/2', 'PRESS-003', 163.53, 'admin'),
(23, 'PRESS 1/4', 'PRESS-003', 434.91, 'admin'),
(23, 'PRESS 1/4', 'PRESS-002', 298.41, 'admin'),
(23, 'PRESS 2/4', 'PRESS-004', 298.5, 'admin'),
(23, 'PRESS 2/4', 'PRESS-S003', 356.89, 'admin'),
(23, 'PRESS 2/4', 'PRESS-003', 147.59, 'admin'),
(23, 'PRESS 3/4', 'PRESS-S002', 413.68, 'admin'),
(23, 'PRESS 4/4', 'PRESS-S002', 257.11, 'admin'),
(23, 'PRESS 4/4', 'PRESS-001', 460.6, 'admin'),
(24, 'PRESS 1/4', 'PRESS-S004', 341.09, 'admin'),
(24, 'PRESS 1/4', 'PRESS-S003', 465.39, 'admin'),
(24, 'PRESS 2/4', 'PRESS-S004', 335.27, 'admin'),
(24, 'PRESS 3/4', 'PRESS-007', 439.86, 'admin'),
(24, 'PRESS 4/4', 'PRESS-004', 106.5, 'admin'),
(24, 'PRESS 4/4', 'PRESS-008', 386.94, 'admin'),
(24, 'PRESS 4/4', 'PRESS-S001', 120.28, 'admin'),
(25, 'PRESS 1/5', 'PRESS-006', 366.95, 'admin'),
(25, 'PRESS 2/5', 'PRESS-S002', 302.89, 'admin'),
(25, 'PRESS 3/5', 'PRESS-005', 384.43, 'admin'),
(25, 'PRESS 3/5', 'PRESS-S002', 295.89, 'admin'),
(25, 'PRESS 3/5', 'PRESS-002', 207.56, 'admin'),
(25, 'PRESS 4/5', 'PRESS-006', 282.41, 'admin'),
(25, 'PRESS 4/5', 'PRESS-S002', 341.96, 'admin'),
(25, 'PRESS 5/5', 'PRESS-S004', 270.31, 'admin'),
(25, 'PRESS 5/5', 'PRESS-007', 54.8, 'admin'),
(25, 'PRESS 5/5', 'PRESS-006', 361.02, 'admin'),
(26, 'PRESS 1/3', 'PRESS-001', 357.86, 'admin'),
(26, 'PRESS 2/3', 'PRESS-004', 342.53, 'admin'),
(26, 'PRESS 2/3', 'PRESS-001', 102.31, 'admin'),
(26, 'PRESS 3/3', 'PRESS-002', 183.4, 'admin'),
(26, 'PRESS 3/3', 'PRESS-007', 196.66, 'admin'),
(27, 'PRESS 1/3', 'PRESS-005', 51.99, 'admin'),
(27, 'PRESS 1/3', 'PRESS-S003', 205.97, 'admin'),
(27, 'PRESS 2/3', 'PRESS-007', 385.35, 'admin'),
(27, 'PRESS 2/3', 'PRESS-S002', 352.21, 'admin'),
(27, 'PRESS 3/3', 'PRESS-S002', 95.57, 'admin'),
(27, 'PRESS 3/3', 'PRESS-S003', 239.02, 'admin'),
(27, 'PRESS 3/3', 'PRESS-004', 70.34, 'admin'),
(28, 'PRESS 1/5', 'PRESS-008', 133.27, 'admin'),
(28, 'PRESS 2/5', 'PRESS-001', 451.54, 'admin'),
(28, 'PRESS 2/5', 'PRESS-S001', 52.09, 'admin'),
(28, 'PRESS 2/5', 'PRESS-004', 108.16, 'admin'),
(28, 'PRESS 3/5', 'PRESS-S003', 496.56, 'admin'),
(28, 'PRESS 3/5', 'PRESS-007', 61.13, 'admin'),
(28, 'PRESS 4/5', 'PRESS-001', 496.64, 'admin'),
(28, 'PRESS 5/5', 'PRESS-002', 462.76, 'admin'),
(28, 'PRESS 5/5', 'PRESS-001', 321.76, 'admin'),
(29, 'PRESS 1/5', 'PRESS-S001', 76.06, 'admin'),
(29, 'PRESS 1/5', 'PRESS-S003', 448.91, 'admin'),
(29, 'PRESS 1/5', 'PRESS-001', 91.45, 'admin'),
(29, 'PRESS 2/5', 'PRESS-001', 161.4, 'admin'),
(29, 'PRESS 3/5', 'PRESS-S004', 273.74, 'admin'),
(29, 'PRESS 4/5', 'PRESS-S001', 190.32, 'admin'),
(29, 'PRESS 5/5', 'PRESS-008', 421.52, 'admin'),
(29, 'PRESS 5/5', 'PRESS-S004', 303.27, 'admin'),
(29, 'PRESS 5/5', 'PRESS-S001', 156.42, 'admin'),
(30, 'PRESS 1/4', 'PRESS-S003', 338.77, 'admin'),
(30, 'PRESS 1/4', 'PRESS-005', 353.0, 'admin'),
(30, 'PRESS 1/4', 'PRESS-S001', 343.15, 'admin'),
(30, 'PRESS 2/4', 'PRESS-004', 159.17, 'admin'),
(30, 'PRESS 3/4', 'PRESS-S003', 60.89, 'admin'),
(30, 'PRESS 3/4', 'PRESS-008', 396.32, 'admin'),
(30, 'PRESS 4/4', 'PRESS-005', 295.91, 'admin'),
(30, 'PRESS 4/4', 'PRESS-002', 200.67, 'admin'),
(31, 'PRESS 1/4', 'PRESS-003', 141.44, 'admin'),
(31, 'PRESS 2/4', 'PRESS-003', 300.26, 'admin'),
(31, 'PRESS 2/4', 'PRESS-002', 337.42, 'admin'),
(31, 'PRESS 3/4', 'PRESS-S002', 133.39, 'admin'),
(31, 'PRESS 3/4', 'PRESS-006', 261.51, 'admin'),
(31, 'PRESS 3/4', 'PRESS-S004', 277.56, 'admin'),
(31, 'PRESS 4/4', 'PRESS-005', 491.53, 'admin'),
(31, 'PRESS 4/4', 'PRESS-S004', 426.8, 'admin'),
(32, 'PRESS 1/3', 'PRESS-002', 162.95, 'admin'),
(32, 'PRESS 1/3', 'PRESS-008', 123.94, 'admin'),
(32, 'PRESS 2/3', 'PRESS-003', 66.03, 'admin'),
(32, 'PRESS 2/3', 'PRESS-006', 90.38, 'admin'),
(32, 'PRESS 3/3', 'PRESS-S004', 396.56, 'admin'),
(33, 'PRESS 1/2', 'PRESS-002', 78.77, 'admin'),
(33, 'PRESS 1/2', 'PRESS-007', 366.16, 'admin'),
(33, 'PRESS 2/2', 'PRESS-S001', 95.78, 'admin'),
(33, 'PRESS 2/2', 'PRESS-006', 270.49, 'admin'),
(34, 'PRESS 1/2', 'PRESS-002', 300.24, 'admin'),
(34, 'PRESS 1/2', 'PRESS-S004', 397.56, 'admin'),
(34, 'PRESS 1/2', 'PRESS-008', 313.09, 'admin'),
(34, 'PRESS 2/2', 'PRESS-008', 382.82, 'admin'),
(35, 'PRESS 1/5', 'PRESS-003', 490.83, 'admin'),
(35, 'PRESS 1/5', 'PRESS-001', 426.97, 'admin'),
(35, 'PRESS 2/5', 'PRESS-S001', 145.33, 'admin'),
(35, 'PRESS 2/5', 'PRESS-002', 217.04, 'admin'),
(35, 'PRESS 3/5', 'PRESS-S002', 242.0, 'admin'),
(35, 'PRESS 3/5', 'PRESS-002', 236.2, 'admin'),
(35, 'PRESS 3/5', 'PRESS-006', 443.53, 'admin'),
(35, 'PRESS 4/5', 'PRESS-S002', 124.75, 'admin'),
(35, 'PRESS 5/5', 'PRESS-S001', 455.05, 'admin'),
(35, 'PRESS 5/5', 'PRESS-006', 177.35, 'admin'),
(35, 'PRESS 5/5', 'PRESS-005', 52.91, 'admin'),
(36, 'PRESS 1/5', 'PRESS-S004', 196.31, 'admin'),
(36, 'PRESS 2/5', 'PRESS-S003', 271.12, 'admin'),
(36, 'PRESS 2/5', 'PRESS-008', 250.68, 'admin'),
(36, 'PRESS 2/5', 'PRESS-004', 438.65, 'admin'),
(36, 'PRESS 3/5', 'PRESS-005', 396.77, 'admin'),
(36, 'PRESS 3/5', 'PRESS-S004', 473.12, 'admin'),
(36, 'PRESS 3/5', 'PRESS-006', 177.93, 'admin'),
(36, 'PRESS 4/5', 'PRESS-S002', 460.69, 'admin'),
(36, 'PRESS 5/5', 'PRESS-005', 160.49, 'admin'),
(36, 'PRESS 5/5', 'PRESS-006', 295.0, 'admin'),
(36, 'PRESS 5/5', 'PRESS-S002', 226.8, 'admin'),
(37, 'PRESS 1/4', 'PRESS-007', 412.52, 'admin'),
(37, 'PRESS 1/4', 'PRESS-008', 331.56, 'admin'),
(37, 'PRESS 2/4', 'PRESS-004', 326.35, 'admin'),
(37, 'PRESS 2/4', 'PRESS-006', 144.72, 'admin'),
(37, 'PRESS 2/4', 'PRESS-008', 221.22, 'admin'),
(37, 'PRESS 3/4', 'PRESS-S003', 226.79, 'admin'),
(37, 'PRESS 3/4', 'PRESS-006', 86.24, 'admin'),
(37, 'PRESS 4/4', 'PRESS-004', 206.17, 'admin'),
(37, 'PRESS 4/4', 'PRESS-S003', 100.16, 'admin'),
(38, 'PRESS 1/2', 'PRESS-007', 189.67, 'admin'),
(38, 'PRESS 2/2', 'PRESS-S004', 300.22, 'admin'),
(38, 'PRESS 2/2', 'PRESS-003', 284.75, 'admin'),
(39, 'PRESS 1/5', 'PRESS-005', 443.61, 'admin'),
(39, 'PRESS 2/5', 'PRESS-002', 403.7, 'admin'),
(39, 'PRESS 2/5', 'PRESS-003', 403.27, 'admin'),
(39, 'PRESS 3/5', 'PRESS-006', 144.0, 'admin'),
(39, 'PRESS 3/5', 'PRESS-S001', 387.22, 'admin'),
(39, 'PRESS 3/5', 'PRESS-008', 124.51, 'admin'),
(39, 'PRESS 4/5', 'PRESS-S003', 453.22, 'admin'),
(39, 'PRESS 4/5', 'PRESS-S001', 52.32, 'admin'),
(39, 'PRESS 4/5', 'PRESS-003', 270.67, 'admin'),
(39, 'PRESS 5/5', 'PRESS-003', 476.9, 'admin'),
(39, 'PRESS 5/5', 'PRESS-S004', 303.48, 'admin'),
(40, 'PRESS 1/2', 'PRESS-006', 276.04, 'admin'),
(40, 'PRESS 1/2', 'PRESS-S003', 131.96, 'admin'),
(40, 'PRESS 1/2', 'PRESS-S001', 497.29, 'admin'),
(40, 'PRESS 2/2', 'PRESS-S001', 181.1, 'admin'),
(40, 'PRESS 2/2', 'PRESS-S004', 421.61, 'admin'),
(41, 'PRESS 1/2', 'PRESS-003', 71.7, 'admin'),
(41, 'PRESS 2/2', 'PRESS-S001', 341.28, 'admin'),
(41, 'PRESS 2/2', 'PRESS-008', 232.43, 'admin'),
(41, 'PRESS 2/2', 'PRESS-005', 168.41, 'admin'),
(42, 'PRESS 1/2', 'PRESS-003', 240.08, 'admin'),
(42, 'PRESS 1/2', 'PRESS-S001', 378.12, 'admin'),
(42, 'PRESS 1/2', 'PRESS-S003', 139.8, 'admin'),
(42, 'PRESS 2/2', 'PRESS-008', 166.46, 'admin'),
(43, 'PRESS 1/5', 'PRESS-S004', 314.15, 'admin'),
(43, 'PRESS 2/5', 'PRESS-007', 183.47, 'admin'),
(43, 'PRESS 2/5', 'PRESS-006', 85.74, 'admin'),
(43, 'PRESS 3/5', 'PRESS-S002', 204.28, 'admin'),
(43, 'PRESS 4/5', 'PRESS-S001', 143.77, 'admin'),
(43, 'PRESS 5/5', 'PRESS-S001', 484.96, 'admin'),
(44, 'PRESS 1/3', 'PRESS-005', 57.91, 'admin'),
(44, 'PRESS 1/3', 'PRESS-002', 273.29, 'admin'),
(44, 'PRESS 1/3', 'PRESS-007', 244.12, 'admin'),
(44, 'PRESS 2/3', 'PRESS-002', 200.98, 'admin'),
(44, 'PRESS 3/3', 'PRESS-001', 208.45, 'admin'),
(45, 'PRESS 1/2', 'PRESS-S004', 368.2, 'admin'),
(45, 'PRESS 1/2', 'PRESS-008', 461.17, 'admin'),
(45, 'PRESS 1/2', 'PRESS-002', 433.57, 'admin'),
(45, 'PRESS 2/2', 'PRESS-S001', 320.44, 'admin'),
(46, 'PRESS 1/5', 'PRESS-S004', 319.52, 'admin'),
(46, 'PRESS 1/5', 'PRESS-007', 438.71, 'admin'),
(46, 'PRESS 2/5', 'PRESS-001', 76.1, 'admin'),
(46, 'PRESS 2/5', 'PRESS-008', 121.66, 'admin'),
(46, 'PRESS 2/5', 'PRESS-005', 108.65, 'admin'),
(46, 'PRESS 3/5', 'PRESS-S002', 239.27, 'admin'),
(46, 'PRESS 4/5', 'PRESS-S003', 429.06, 'admin'),
(46, 'PRESS 5/5', 'PRESS-S004', 174.29, 'admin'),
(47, 'PRESS 1/2', 'PRESS-S002', 329.09, 'admin'),
(47, 'PRESS 1/2', 'PRESS-008', 462.29, 'admin'),
(47, 'PRESS 2/2', 'PRESS-005', 53.75, 'admin'),
(47, 'PRESS 2/2', 'PRESS-002', 260.03, 'admin'),
(48, 'PRESS 1/4', 'PRESS-S002', 401.63, 'admin'),
(48, 'PRESS 1/4', 'PRESS-006', 162.61, 'admin'),
(48, 'PRESS 1/4', 'PRESS-003', 212.52, 'admin'),
(48, 'PRESS 2/4', 'PRESS-005', 126.93, 'admin'),
(48, 'PRESS 2/4', 'PRESS-001', 125.16, 'admin'),
(48, 'PRESS 2/4', 'PRESS-S002', 413.02, 'admin'),
(48, 'PRESS 3/4', 'PRESS-008', 308.55, 'admin'),
(48, 'PRESS 3/4', 'PRESS-S004', 489.64, 'admin'),
(48, 'PRESS 4/4', 'PRESS-S001', 398.46, 'admin'),
(48, 'PRESS 4/4', 'PRESS-006', 72.8, 'admin'),
(49, 'PRESS 1/3', 'PRESS-003', 127.69, 'admin'),
(49, 'PRESS 1/3', 'PRESS-004', 50.29, 'admin'),
(49, 'PRESS 2/3', 'PRESS-004', 392.39, 'admin'),
(49, 'PRESS 2/3', 'PRESS-S003', 50.45, 'admin'),
(49, 'PRESS 3/3', 'PRESS-S004', 245.84, 'admin'),
(49, 'PRESS 3/3', 'PRESS-S001', 231.77, 'admin'),
(50, 'PRESS 1/5', 'PRESS-S004', 363.22, 'admin'),
(50, 'PRESS 1/5', 'PRESS-005', 181.28, 'admin'),
(50, 'PRESS 2/5', 'PRESS-006', 204.55, 'admin'),
(50, 'PRESS 3/5', 'PRESS-003', 151.96, 'admin'),
(50, 'PRESS 3/5', 'PRESS-007', 198.45, 'admin'),
(50, 'PRESS 4/5', 'PRESS-001', 125.04, 'admin'),
(50, 'PRESS 5/5', 'PRESS-003', 219.45, 'admin');

-- ================================================
-- DAY工程のproduction_limitを99999に更新
-- (SPM工程はrough_cycletimeのみ使用、DAY工程はproduction_limitも必要)
-- ================================================
UPDATE `processes`
SET `production_limit` = 99999
WHERE `process_name` IN (
    'TAPPING',
    'PLATING',
    'HEAT_TREATMENT',
    'WELDING',
    'ASSEMBLY',
    'INSPECTION',
    'PAINTING',
    'ANODIZING',
    'COATING',
    'POLISHING'
);
